Id,Area,Bedrooms,Bathrooms,Floors,YearBuilt,Location,Condition,Garage,Price
1,1360,5,4,3,1970,Downtown,Excellent,No,608850.71
2,4272,5,4,3,1958,Downtown,Excellent,No,967086.04
3,3592,2,2,3,1938,Downtown,Good,No,747475.33
4,966,4,2,2,1902,Suburban,Fair,Yes,351825.45
5,4926,1,4,2,1975,Downtown,Fair,Yes,930967.7
6,3944,1,2,1,1906,Urban,Poor,No,616207.95
7,3671,1,1,2,1948,Rural,Poor,Yes,610718.19
8,3419,2,4,1,1925,Suburban,Good,Yes,655081.52
9,630,2,2,1,1932,Rural,Poor,Yes,190257.88
10,2185,3,3,1,2000,Downtown,Poor,No,588788.4
11,1269,1,4,2,1947,Suburban,Poor,Yes,341918.73
12,2891,4,4,3,1978,Urban,Excellent,Yes,755644.05
13,2933,4,3,2,1901,Downtown,Poor,No,637419.43
14,1684,1,1,1,2004,Rural,Good,No,340420.8
15,3885,1,3,1,1970,Urban,Fair,Yes,693776.23
16,4617,1,4,2,1931,Downtown,Poor,No,811275.69
17,3404,2,1,1,1903,Urban,Fair,Yes,576627.53
18,974,2,2,1,1919,Downtown,Poor,Yes,335033.71
19,1582,2,2,2,2013,Suburban,Good,No,440339.64
20,3058,5,2,2,2016,Downtown,Excellent,No,792355.44
21,2547,4,4,2,1935,Suburban,Good,Yes,631194.73
22,3247,4,3,1,1931,Downtown,Excellent,No,728223.36
23,1475,3,1,1,1927,Downtown,Poor,No,393662.92
24,2306,2,2,3,1976,Rural,Poor,Yes,473408.78
25,689,5,1,3,1900,Urban,Excellent,Yes,378004.26
26,3234,5,4,2,1959,Urban,Good,Yes,776783.84
27,3505,4,2,3,1955,Urban,Good,Yes,754485.1
28,2399,2,4,1,1934,Downtown,Excellent,Yes,614705.47
29,1767,3,3,3,2011,Downtown,Poor,Yes,587200.42
30,2028,2,4,1,1929,Downtown,Excellent,No,531964.59
31,3702,1,4,2,1953,Suburban,Poor,No,641534.4
32,4056,2,3,2,1935,Suburban,Excellent,Yes,788164.17
33,4390,1,1,1,2020,Rural,Poor,No,705097.54
34,1146,1,3,3,1954,Downtown,Excellent,No,428314.34
35,3388,3,3,2,1988,Urban,Fair,Yes,753578.17
36,2935,4,4,2,1979,Urban,Poor,No,660937.35
37,1100,2,1,3,1957,Rural,Good,No,319032.95
38,2863,1,2,3,1982,Urban,Excellent,Yes,628194.95
39,2561,2,3,1,1964,Rural,Good,No,482207.21
40,741,4,1,3,1968,Downtown,Excellent,No,452082.92
41,2541,4,3,3,1950,Urban,Good,Yes,668007.0
42,3324,5,3,3,1921,Downtown,Good,No,780190.52
43,3112,4,3,1,1987,Suburban,Excellent,No,692725.28
44,1863,3,3,1,2006,Urban,Excellent,No,549673.44
45,1978,1,4,2,2008,Suburban,Good,Yes,503762.17
46,3056,5,1,1,2015,Urban,Good,Yes,726582.34
47,1275,3,1,2,2000,Downtown,Good,No,475440.42
48,4514,2,1,3,1952,Rural,Poor,No,741076.83
49,534,1,3,2,1999,Downtown,Poor,Yes,360274.27
50,3652,4,4,2,1935,Downtown,Fair,Yes,781414.4
51,2455,1,3,3,1967,Downtown,Poor,No,580911.26
52,2085,2,3,2,1935,Urban,Poor,Yes,478373.77
53,4443,5,1,1,1951,Rural,Excellent,No,789936.17
54,3573,5,3,1,1952,Suburban,Fair,No,722065.14
55,1521,5,2,1,1981,Downtown,Fair,Yes,562694.99
56,3961,4,3,1,1949,Urban,Poor,Yes,784599.2
57,3113,3,2,2,1979,Suburban,Excellent,No,654801.74
58,4343,3,3,2,1940,Downtown,Excellent,No,872551.81
59,2000,1,4,3,1917,Suburban,Fair,Yes,456868.95
60,661,4,4,2,1921,Downtown,Excellent,No,436063.18
61,4797,5,1,2,1965,Suburban,Good,Yes,901522.39
62,2481,5,3,2,1920,Suburban,Poor,Yes,564345.12
63,1495,2,2,3,1999,Rural,Good,Yes,423454.98
64,3842,2,2,1,1943,Rural,Fair,Yes,621816.9
65,4298,5,3,2,2002,Downtown,Fair,Yes,974327.89
66,1775,5,2,3,1946,Urban,Excellent,No,584093.6
67,1516,4,4,3,1938,Rural,Excellent,Yes,486799.85
68,837,3,2,3,1928,Suburban,Fair,Yes,345662.99
69,1378,2,1,1,1953,Rural,Fair,Yes,318864.54
70,1576,3,4,2,1989,Rural,Good,Yes,466903.2
71,4493,4,4,3,1984,Downtown,Good,Yes,1001710.93
72,879,5,4,1,1916,Rural,Excellent,Yes,393340.55
73,992,3,3,3,1979,Rural,Good,Yes,396122.61
74,2562,5,3,3,1959,Suburban,Excellent,No,686229.65
75,4384,5,4,3,1930,Rural,Excellent,No,819223.82
76,564,1,3,3,2014,Suburban,Poor,No,314848.54
77,3068,3,2,3,1972,Rural,Excellent,No,646545.71
78,2527,3,3,1,1994,Rural,Good,Yes,565224.89
79,3195,5,3,2,1977,Urban,Fair,No,737626.41
80,1995,4,4,2,1948,Rural,Fair,Yes,474336.47
81,891,1,1,2,2000,Suburban,Good,No,309134.92
82,4974,5,1,2,1901,Suburban,Fair,No,844476.69
83,4061,2,1,1,2015,Downtown,Excellent,Yes,875198.41
84,2778,2,2,1,1947,Downtown,Fair,Yes,597265.95
85,3599,1,3,1,2009,Urban,Good,No,700442.6
86,700,4,1,3,1913,Suburban,Fair,No,281773.64
87,3604,5,4,3,1958,Suburban,Excellent,No,826051.03
88,2954,3,1,3,1996,Suburban,Excellent,No,671951.27
89,4145,1,1,2,1998,Urban,Good,Yes,775703.6
90,1304,4,3,3,1957,Suburban,Good,No,460119.01
91,3231,3,3,2,2002,Downtown,Good,No,769886.16
92,3273,2,3,3,1957,Urban,Poor,No,672919.67
93,2070,2,2,2,2010,Downtown,Poor,No,544169.2
94,3190,3,2,3,1950,Downtown,Excellent,No,736385.07
95,4340,1,1,3,1983,Urban,Poor,Yes,779618.38
96,1528,2,3,1,1901,Rural,Poor,Yes,279187.28
97,1002,5,1,3,2014,Rural,Fair,Yes,438901.8
98,4993,3,4,3,1940,Downtown,Poor,Yes,970605.83
99,1370,3,4,1,1982,Rural,Fair,Yes,408576.7
100,4988,2,3,2,2022,Suburban,Good,No,916321.19
101,706,1,3,1,2000,Urban,Fair,Yes,312149.44
102,1984,5,4,1,1981,Downtown,Fair,Yes,631110.32
103,1363,1,3,2,1915,Suburban,Good,No,322149.28
104,3290,4,2,3,1903,Rural,Good,Yes,624965.84
105,1063,4,2,2,1911,Suburban,Excellent,Yes,382270.71
106,4691,2,3,3,1928,Rural,Excellent,Yes,832690.76
107,2257,2,4,3,1906,Downtown,Excellent,Yes,633702.79
108,2178,2,1,2,1913,Suburban,Excellent,No,449058.67
109,3742,4,3,1,2018,Urban,Fair,No,803123.26
110,1559,1,3,2,1911,Downtown,Fair,Yes,423053.31
111,2222,1,1,3,1998,Suburban,Excellent,No,494878.43
112,3814,2,3,2,1904,Suburban,Poor,Yes,650622.29
113,3657,5,1,2,1980,Rural,Excellent,No,744913.45
114,3125,1,4,3,2021,Downtown,Poor,No,763698.63
115,3229,4,2,1,2005,Downtown,Good,No,757984.59
116,2097,3,4,2,1931,Downtown,Fair,No,561633.21
117,3560,3,2,3,1973,Downtown,Fair,No,774579.32
118,3193,3,1,3,1942,Rural,Poor,No,551959.83
119,4127,5,2,2,1980,Urban,Excellent,No,897252.34
120,1863,2,4,1,1968,Downtown,Fair,No,526269.0
121,2481,4,2,2,1944,Rural,Poor,No,510595.48
122,2163,5,1,1,2005,Urban,Good,No,578649.19
123,2029,4,2,1,1908,Urban,Good,No,498611.91
124,2538,4,3,1,1948,Rural,Fair,Yes,518712.23
125,3802,2,4,1,1932,Downtown,Excellent,No,778462.86
126,2737,3,3,2,1999,Urban,Poor,Yes,684366.83
127,1806,2,1,3,1999,Downtown,Fair,No,515621.96
128,4529,5,2,3,1917,Downtown,Good,Yes,927175.53
129,3175,5,3,3,1908,Suburban,Excellent,Yes,718044.77
130,1782,5,3,3,1961,Downtown,Poor,Yes,595607.87
131,1209,2,2,3,1956,Suburban,Fair,No,335910.05
132,4913,4,2,3,1928,Urban,Poor,No,881518.44
133,4248,4,4,2,2013,Rural,Excellent,No,854605.44
134,1163,1,3,1,1977,Suburban,Excellent,No,364193.89
135,2498,5,3,3,1924,Rural,Good,Yes,579148.64
136,3945,4,1,2,1914,Urban,Excellent,No,780299.02
137,4243,1,4,3,1905,Downtown,Fair,No,770941.2
138,1995,4,1,3,2019,Urban,Poor,No,563219.08
139,3804,5,3,1,1941,Rural,Excellent,No,750222.76
140,4263,3,1,1,1928,Urban,Excellent,No,747527.04
141,2353,5,3,1,1978,Downtown,Fair,No,651101.9
142,1791,2,3,3,1992,Urban,Poor,No,516837.14
143,4081,4,1,3,1903,Downtown,Poor,No,750717.75
144,3957,4,1,3,1981,Suburban,Good,Yes,811679.51
145,2136,2,2,1,2013,Rural,Good,Yes,499878.24
146,4196,2,2,2,1956,Downtown,Poor,No,794207.34
147,3499,3,2,3,1948,Downtown,Fair,No,726115.74
148,3652,4,3,3,1943,Urban,Fair,No,740253.15
149,1198,4,1,3,2002,Suburban,Good,No,456969.12
150,2660,3,4,2,1979,Downtown,Excellent,Yes,732954.77
151,4597,1,3,3,1974,Suburban,Fair,Yes,829567.39
152,1354,3,4,2,1913,Suburban,Excellent,No,414516.72
153,3974,5,1,3,1902,Urban,Fair,Yes,769819.63
154,2207,4,3,2,2014,Downtown,Poor,Yes,664593.81
155,3277,2,4,3,2013,Urban,Good,No,758706.09
156,2233,5,4,1,1961,Rural,Excellent,No,556074.73
157,4010,4,2,1,2005,Rural,Excellent,No,810386.62
158,702,3,2,1,1963,Downtown,Poor,Yes,366667.49
159,3755,5,2,1,2001,Suburban,Fair,Yes,767780.45
160,4718,4,3,3,1944,Downtown,Excellent,No,984388.3
161,4996,1,1,1,2005,Downtown,Fair,No,870959.77
162,1266,1,1,2,1981,Rural,Poor,Yes,315886.27
163,4889,2,2,1,1957,Rural,Good,Yes,820848.93
164,2827,4,2,1,1919,Suburban,Excellent,No,568899.77
165,3431,1,2,1,1957,Suburban,Fair,Yes,618380.64
166,697,3,4,3,2011,Downtown,Excellent,No,508301.71
167,2430,4,2,1,1988,Urban,Fair,No,599030.9
168,4082,3,4,2,1956,Downtown,Fair,Yes,886111.89
169,1108,3,1,1,2001,Suburban,Fair,Yes,372859.18
170,3772,1,3,1,1976,Urban,Poor,Yes,684053.96
171,1647,4,3,1,1967,Rural,Good,No,422667.28
172,4782,5,3,2,2018,Suburban,Excellent,No,972222.85
173,3897,1,3,1,1977,Suburban,Good,No,691353.47
174,3011,1,4,2,1996,Urban,Fair,No,649547.28
175,2294,4,4,2,1991,Suburban,Fair,No,595870.36
176,1159,4,2,1,1951,Suburban,Good,No,385577.75
177,3311,3,4,2,1936,Suburban,Good,Yes,684625.03
178,1869,4,2,3,1907,Suburban,Excellent,No,507673.01
179,2486,3,2,1,1943,Suburban,Fair,No,494510.15
180,646,1,3,1,1997,Suburban,Good,No,328682.54
181,3719,2,4,2,2007,Suburban,Poor,No,735755.01
182,3411,5,4,2,1904,Suburban,Fair,Yes,690772.64
183,2234,1,2,1,2017,Rural,Fair,No,436256.61
184,2343,4,2,3,1968,Suburban,Excellent,Yes,629627.09
185,988,5,1,2,1930,Rural,Poor,Yes,318688.06
186,3476,2,1,2,1944,Rural,Excellent,No,623790.01
187,2459,2,2,3,1908,Downtown,Poor,No,540568.56
188,2885,3,1,3,2005,Downtown,Excellent,Yes,755057.57
189,3419,5,1,1,1931,Rural,Poor,Yes,606268.09
190,2302,3,2,3,1932,Rural,Poor,No,436937.29
191,4561,1,2,1,1966,Suburban,Poor,Yes,737232.28
192,3869,5,4,3,1929,Downtown,Good,No,883515.98
193,762,1,2,2,2013,Urban,Fair,No,340571.41
194,1123,3,2,1,1975,Downtown,Poor,Yes,406403.92
195,1516,5,3,1,1928,Rural,Good,No,411477.71
196,4143,3,4,1,1902,Rural,Good,No,697769.76
197,2549,5,4,3,1989,Suburban,Excellent,No,689812.14
198,4223,3,4,2,1956,Suburban,Fair,Yes,808295.88
199,3608,2,3,1,1929,Downtown,Fair,Yes,712613.13
200,4590,3,2,1,1908,Suburban,Excellent,Yes,778355.45
201,2556,2,4,1,1925,Urban,Fair,No,531746.81
202,3670,3,4,1,1901,Urban,Excellent,Yes,738011.77
203,2182,5,1,2,1961,Suburban,Good,Yes,581405.77
204,2755,5,4,3,1902,Urban,Good,Yes,697357.03
205,1654,5,2,2,1945,Urban,Poor,No,456454.96
206,4999,4,2,1,1967,Downtown,Excellent,No,962702.62
207,3691,1,1,2,1924,Urban,Good,Yes,665755.53
208,2196,5,4,1,1950,Rural,Good,Yes,559786.79
209,4491,2,4,3,1912,Rural,Excellent,Yes,808955.72
210,2148,5,4,3,2002,Downtown,Good,No,770430.97
211,1945,4,3,3,1943,Suburban,Fair,Yes,536713.36
212,4699,2,4,1,1934,Downtown,Good,No,885103.48
213,4423,4,2,2,1954,Suburban,Excellent,No,854500.03
214,753,2,2,3,1986,Suburban,Fair,No,336660.87
215,3683,3,3,1,1908,Suburban,Fair,Yes,652860.96
216,3057,1,3,1,1901,Suburban,Good,Yes,546294.54
217,598,1,4,2,1960,Suburban,Poor,No,241747.62
218,2700,4,1,3,2017,Downtown,Fair,No,709347.72
219,3461,1,3,1,1940,Suburban,Excellent,No,615249.55
220,4933,4,3,2,1943,Urban,Poor,No,892818.11
221,4277,4,4,3,1963,Urban,Poor,Yes,914029.88
222,3369,4,4,2,1930,Suburban,Fair,Yes,668561.02
223,3734,1,3,2,2007,Urban,Good,No,758613.9
224,4291,4,1,1,1946,Rural,Poor,No,676639.26
225,1456,1,3,1,1901,Downtown,Good,No,369701.02
226,4567,4,4,1,1995,Downtown,Fair,Yes,977144.26
227,660,5,4,2,1981,Suburban,Excellent,No,431264.2
228,4993,4,3,1,1976,Suburban,Poor,Yes,882923.83
229,1800,2,1,2,2009,Rural,Excellent,No,442970.44
230,4487,4,3,2,1968,Suburban,Good,Yes,886303.97
231,2027,3,3,1,1957,Urban,Good,Yes,520454.5
232,1718,4,4,3,2005,Rural,Excellent,No,557686.88
233,4996,2,1,3,1943,Urban,Fair,Yes,875463.58
234,3604,2,2,3,1973,Downtown,Fair,Yes,766045.99
235,3235,1,1,2,1955,Urban,Poor,Yes,628809.16
236,1454,5,3,2,1942,Downtown,Poor,Yes,532928.79
237,3946,4,3,2,1988,Urban,Fair,No,788402.86
238,1545,1,3,1,1933,Downtown,Fair,No,404946.81
239,2193,5,1,2,2000,Suburban,Excellent,No,591763.2
240,3936,4,4,1,1929,Urban,Good,No,787166.5
241,1062,3,3,1,1970,Downtown,Good,No,425772.19
242,2985,4,3,3,1969,Urban,Poor,Yes,700028.95
243,3854,2,1,3,2017,Rural,Fair,Yes,740494.81
244,725,2,2,3,1954,Suburban,Excellent,Yes,362436.33
245,1459,3,2,1,1966,Downtown,Poor,Yes,442665.55
246,3567,1,4,1,1912,Rural,Excellent,No,591092.48
247,1315,5,4,1,1902,Urban,Fair,No,412225.82
248,3620,4,3,2,1925,Rural,Fair,Yes,669900.06
249,516,2,1,1,1956,Urban,Fair,No,270561.81
250,1743,1,3,3,1923,Suburban,Good,Yes,429964.73
251,2705,3,4,3,1952,Rural,Fair,Yes,576136.74
252,3024,2,1,1,1969,Suburban,Poor,No,550587.93
253,1569,3,1,1,1942,Downtown,Good,No,480202.34
254,3944,4,4,3,1959,Urban,Excellent,No,877906.98
255,3065,5,2,1,1957,Urban,Poor,No,628559.45
256,1560,2,2,3,1948,Suburban,Poor,No,375336.49
257,2827,2,1,2,1941,Suburban,Excellent,No,575013.67
258,3920,4,3,3,1975,Downtown,Good,No,868084.96
259,801,1,2,2,2012,Rural,Poor,Yes,293187.29
260,4776,5,3,1,1999,Urban,Poor,No,938199.51
261,1106,2,2,1,1965,Urban,Poor,Yes,334976.04
262,3670,5,2,2,1910,Downtown,Good,Yes,796807.12
263,1199,2,3,1,2002,Downtown,Good,No,410650.99
264,1639,5,4,2,1997,Suburban,Good,Yes,556604.19
265,690,3,2,1,1989,Suburban,Poor,No,287611.48
266,2800,2,2,3,1917,Rural,Fair,Yes,502183.25
267,1480,5,3,1,1984,Downtown,Excellent,Yes,619086.17
268,3475,1,4,3,1999,Rural,Fair,Yes,665997.88
269,1684,3,2,3,2003,Downtown,Good,No,566619.33
270,3827,3,2,2,1951,Urban,Poor,Yes,736971.11
271,3894,1,4,1,1945,Downtown,Poor,Yes,759939.1
272,627,5,2,2,1943,Downtown,Fair,Yes,395272.07
273,2565,4,4,1,1921,Urban,Fair,No,591397.46
274,2316,1,4,3,1952,Downtown,Excellent,Yes,629633.5
275,1069,5,3,3,1958,Rural,Poor,No,373047.37
276,2395,1,1,1,1993,Suburban,Fair,Yes,493581.55
277,3233,1,4,1,2013,Suburban,Excellent,Yes,696575.9
278,4363,2,3,2,2006,Rural,Good,Yes,805186.75
279,4514,5,1,1,2023,Urban,Fair,No,900167.03
280,3401,4,2,1,1929,Downtown,Good,Yes,729050.3
281,2186,2,1,1,1907,Rural,Excellent,Yes,413782.76
282,3509,1,4,2,1997,Suburban,Good,Yes,725001.96
283,654,1,4,1,1956,Suburban,Poor,Yes,280810.25
284,3037,1,4,3,2010,Rural,Poor,No,586842.77
285,1909,5,4,2,1972,Suburban,Good,Yes,616565.5
286,4557,5,4,2,2014,Rural,Poor,Yes,877328.68
287,1284,2,3,3,1919,Suburban,Excellent,Yes,403343.22
288,3675,4,4,3,2003,Rural,Poor,Yes,785874.76
289,4841,2,3,3,1924,Downtown,Good,No,906744.88
290,3306,3,2,1,1918,Downtown,Good,Yes,678239.51
291,1037,1,4,3,1904,Downtown,Good,Yes,396888.17
292,2341,1,4,1,1974,Downtown,Fair,No,550134.99
293,2955,1,1,2,1978,Suburban,Good,Yes,572109.53
294,1024,2,2,2,1971,Urban,Excellent,Yes,426364.03
295,3450,2,4,3,1982,Rural,Poor,Yes,684255.23
296,4631,1,4,1,1986,Urban,Poor,No,800636.36
297,4615,2,2,3,1926,Suburban,Fair,Yes,808444.0
298,2868,5,3,3,1939,Suburban,Fair,No,654149.49
299,4347,5,4,1,1995,Urban,Excellent,No,944402.93
300,4995,2,1,3,1925,Urban,Good,No,862894.43
301,3201,1,4,2,1926,Suburban,Fair,No,563695.07
302,1471,2,1,3,1961,Suburban,Poor,No,359327.28
303,1666,2,1,1,1982,Rural,Fair,No,368189.4
304,3274,2,4,1,1949,Downtown,Fair,No,690475.55
305,2482,3,4,2,1941,Downtown,Good,Yes,650846.48
306,1353,5,1,1,1928,Rural,Fair,Yes,364449.91
307,4646,4,2,1,1938,Urban,Excellent,No,883944.97
308,4236,4,2,2,1959,Suburban,Poor,No,761506.43
309,4269,3,4,3,1940,Urban,Good,No,850776.46
310,1074,2,3,2,1932,Downtown,Poor,No,366987.11
311,3761,3,2,3,1982,Downtown,Excellent,No,841064.78
312,1648,3,4,2,2000,Urban,Excellent,No,572321.65
313,2215,1,2,3,1982,Downtown,Fair,Yes,590731.25
314,4354,5,3,2,1996,Suburban,Fair,Yes,906222.64
315,2991,4,4,3,2010,Rural,Fair,No,709012.18
316,3160,2,3,2,1915,Urban,Poor,No,586215.06
317,3624,4,4,3,1922,Suburban,Excellent,No,767749.29
318,3551,4,3,2,1906,Suburban,Good,Yes,693976.0
319,504,5,2,1,1925,Downtown,Fair,No,349482.5
320,1376,4,2,3,1995,Suburban,Poor,Yes,469027.85
321,1491,4,3,2,1911,Urban,Fair,Yes,451784.94
322,4642,3,3,3,1971,Suburban,Excellent,Yes,922887.36
323,4864,5,3,3,1904,Rural,Good,No,850246.69
324,4965,1,4,2,2005,Suburban,Excellent,No,942935.81
325,1135,2,2,3,1991,Suburban,Poor,Yes,370959.74
326,2193,4,4,2,2016,Rural,Fair,Yes,572877.17
327,2182,2,2,1,1968,Suburban,Excellent,Yes,528831.66
328,619,1,1,3,1948,Suburban,Poor,Yes,252144.94
329,1330,2,4,1,1925,Downtown,Fair,No,416361.8
330,4175,1,2,3,1904,Urban,Good,Yes,747375.18
331,1869,3,2,3,1921,Downtown,Excellent,No,543286.3
332,1240,4,4,3,1978,Urban,Fair,Yes,499541.18
333,616,1,4,2,1912,Rural,Fair,No,198617.07
334,3338,2,2,1,1927,Rural,Fair,Yes,549682.57
335,1650,4,4,3,1932,Rural,Fair,No,459526.8
336,2431,3,3,2,2006,Urban,Excellent,No,645824.14
337,1512,4,4,3,1922,Urban,Fair,No,465577.54
338,2164,1,4,2,1996,Urban,Poor,Yes,534499.21
339,1581,3,4,3,2006,Rural,Excellent,No,518723.97
340,1012,2,2,1,1917,Urban,Fair,Yes,300004.13
341,3349,3,3,1,2013,Suburban,Excellent,No,711336.69
342,1059,3,1,3,2016,Downtown,Poor,No,462325.31
343,4172,5,1,2,1929,Rural,Poor,Yes,738734.5
344,3843,3,3,3,1925,Downtown,Excellent,No,811085.85
345,4570,3,3,2,1915,Suburban,Fair,No,772134.43
346,1970,4,3,3,1976,Urban,Fair,Yes,594580.75
347,1080,2,2,2,1938,Downtown,Poor,No,339478.73
348,2794,4,1,1,1932,Suburban,Fair,No,517508.04
349,3647,4,3,3,1925,Suburban,Poor,No,687433.34
350,4749,1,2,1,1947,Downtown,Fair,No,813068.29
351,2179,4,1,1,1964,Rural,Poor,Yes,467133.61
352,4006,5,4,3,2012,Downtown,Good,No,985310.34
353,3244,5,2,3,1937,Rural,Fair,No,664484.89
354,3856,1,1,2,1901,Urban,Fair,No,621380.92
355,4545,2,2,2,2012,Rural,Fair,No,792964.76
356,1743,2,1,1,1905,Urban,Excellent,No,377652.06
357,3618,4,1,2,1945,Downtown,Fair,No,747162.3
358,2641,4,4,2,1949,Urban,Excellent,No,659700.12
359,3559,4,2,3,1937,Suburban,Excellent,No,737410.78
360,3459,2,3,2,2005,Urban,Poor,Yes,713361.54
361,2765,3,4,1,1987,Rural,Excellent,Yes,637140.2
362,2979,5,4,2,1917,Rural,Excellent,Yes,687161.08
363,2135,3,1,1,1926,Rural,Good,Yes,425918.6
364,2257,3,3,3,1940,Urban,Fair,No,557035.68
365,4952,2,2,1,1971,Rural,Excellent,No,834612.16
366,2570,3,3,2,1991,Rural,Fair,Yes,571581.69
367,3349,1,3,3,1973,Suburban,Excellent,Yes,701031.39
368,3751,4,3,2,1916,Urban,Poor,Yes,733818.89
369,4230,1,3,3,2018,Suburban,Good,No,814165.14
370,2989,5,3,3,1961,Rural,Excellent,No,678474.85
371,2131,4,1,2,1928,Rural,Fair,Yes,459197.65
372,3316,3,1,2,1957,Rural,Poor,Yes,606449.97
373,1515,5,4,3,1969,Urban,Fair,Yes,587417.15
374,1848,4,1,3,1977,Downtown,Poor,Yes,585529.06
375,3587,3,4,2,1921,Rural,Good,Yes,709107.74
376,3339,1,4,1,2017,Rural,Poor,No,599459.79
377,835,4,2,2,1905,Rural,Fair,Yes,297734.81
378,1395,3,3,3,1925,Rural,Fair,No,368200.13
379,4046,1,1,2,1938,Urban,Excellent,Yes,769627.04
380,1351,5,2,1,1911,Downtown,Poor,Yes,435005.53
381,2187,5,1,2,1998,Downtown,Fair,No,621514.17
382,2431,5,4,3,1913,Downtown,Excellent,Yes,700339.11
383,4246,5,1,2,1921,Rural,Good,No,715621.56
384,2927,2,3,3,1950,Rural,Fair,No,554223.67
385,2068,4,4,3,1922,Downtown,Excellent,Yes,633853.01
386,4500,4,4,2,1947,Downtown,Fair,Yes,931155.91
387,3238,2,2,3,1970,Rural,Poor,No,595666.34
388,3998,3,3,3,2003,Rural,Excellent,No,837182.56
389,4413,3,4,1,1949,Suburban,Poor,Yes,803646.36
390,1566,5,3,1,1988,Suburban,Good,No,490726.45
391,4880,1,1,1,1912,Suburban,Poor,Yes,708323.78
392,2944,3,3,1,1984,Downtown,Excellent,No,722298.79
393,4607,1,4,3,2004,Urban,Fair,Yes,879306.5
394,3873,4,2,2,1909,Rural,Excellent,No,725661.88
395,4469,1,4,3,2016,Suburban,Poor,No,844661.6
396,3046,4,3,3,1954,Urban,Poor,Yes,689142.37
397,1253,2,3,3,2022,Rural,Fair,No,383592.98
398,2582,2,4,2,1908,Urban,Good,No,569768.09
399,3274,5,3,1,1978,Downtown,Excellent,No,800701.9
400,3396,3,1,3,1951,Downtown,Fair,No,737547.24
401,4685,5,4,3,1901,Downtown,Fair,No,912633.59
402,1275,4,2,1,1924,Suburban,Fair,No,339959.37
403,2125,5,4,3,1912,Rural,Excellent,No,548728.66
404,3569,1,1,2,1997,Downtown,Excellent,Yes,768574.71
405,917,4,1,3,1950,Suburban,Excellent,No,379059.02
406,614,2,1,3,1957,Suburban,Good,No,292062.75
407,1116,3,1,1,1933,Suburban,Fair,Yes,300365.69
408,4474,4,1,3,1934,Suburban,Poor,No,781684.31
409,3767,4,2,3,2001,Downtown,Poor,No,839014.43
410,1325,1,3,2,1902,Suburban,Fair,Yes,323366.58
411,2016,3,1,1,2005,Downtown,Poor,No,543854.22
412,3646,2,1,1,2019,Downtown,Good,No,745810.37
413,912,4,4,2,1958,Suburban,Good,Yes,394348.29
414,1228,4,2,3,1969,Downtown,Excellent,Yes,567505.15
415,3848,1,2,1,2018,Rural,Excellent,No,703024.71
416,3308,5,3,1,1947,Rural,Excellent,No,667712.7
417,1175,2,2,3,1963,Urban,Excellent,Yes,469317.28
418,3965,3,4,3,2012,Rural,Excellent,No,829585.12
419,3004,4,4,1,1918,Downtown,Poor,Yes,691009.46
420,3467,4,3,3,1966,Downtown,Poor,Yes,802722.78
421,3286,2,4,1,1981,Rural,Excellent,Yes,697591.22
422,1622,5,1,3,2002,Suburban,Good,No,555590.11
423,4579,4,1,3,1972,Suburban,Poor,Yes,847935.54
424,2071,2,4,2,2015,Downtown,Good,Yes,653903.56
425,2643,1,3,3,1975,Suburban,Good,Yes,597370.64
426,2187,5,2,2,1904,Urban,Fair,No,545039.47
427,4632,3,3,3,1966,Urban,Fair,No,868686.15
428,4351,4,2,1,1910,Rural,Excellent,No,751520.77
429,3940,2,4,1,2020,Rural,Good,Yes,782676.37
430,4266,1,4,3,1993,Suburban,Poor,No,753498.91
431,2826,3,1,3,1967,Downtown,Fair,No,641531.12
432,3414,2,2,1,1968,Rural,Fair,Yes,576031.52
433,4452,2,3,3,1900,Urban,Good,Yes,806318.9
434,1095,3,4,2,1990,Rural,Fair,No,390713.13
435,1228,1,3,2,1991,Rural,Fair,No,355675.36
436,1865,1,1,2,1962,Urban,Poor,Yes,425961.42
437,4992,5,2,2,1928,Downtown,Good,No,990189.23
438,1198,4,2,2,1981,Rural,Fair,Yes,379538.48
439,895,3,4,3,1911,Rural,Good,Yes,312299.26
440,4671,3,2,3,1976,Rural,Fair,No,821396.78
441,4860,3,4,2,1940,Suburban,Poor,No,845160.98
442,3002,1,1,3,1901,Rural,Good,No,487269.58
443,2319,4,2,3,1936,Urban,Fair,No,534458.37
444,1217,5,4,2,1944,Downtown,Poor,Yes,508073.2
445,3282,2,3,3,1979,Downtown,Fair,No,714792.96
446,4077,2,4,3,1947,Urban,Good,No,808955.09
447,643,3,2,3,1923,Suburban,Fair,No,286388.97
448,3640,4,1,2,1998,Urban,Good,Yes,778901.8
449,4991,1,2,3,1921,Downtown,Good,No,871622.0
450,3438,4,2,1,1999,Urban,Fair,No,711751.8
451,4136,4,4,1,1910,Suburban,Poor,Yes,742339.81
452,3722,1,3,2,2018,Downtown,Excellent,Yes,850987.13
453,1667,3,2,1,1957,Suburban,Poor,Yes,394824.11
454,3116,4,3,2,1945,Urban,Poor,Yes,684740.7
455,1562,2,4,1,1928,Rural,Fair,Yes,351906.14
456,2656,1,3,1,1934,Urban,Poor,No,480586.91
457,3482,5,4,1,2011,Suburban,Poor,Yes,772554.54
458,3794,3,1,2,2017,Urban,Excellent,Yes,809591.37
459,1656,1,3,2,1914,Rural,Poor,Yes,316175.26
460,1232,5,3,3,1959,Suburban,Excellent,Yes,491891.83
461,4830,5,1,2,1994,Urban,Fair,Yes,983570.88
462,1453,4,3,1,1941,Suburban,Excellent,Yes,457918.95
463,3039,4,1,1,2004,Suburban,Good,Yes,659774.12
464,3824,4,2,2,1942,Downtown,Good,Yes,824729.7
465,3801,1,4,2,1979,Downtown,Excellent,No,805145.08
466,2042,1,1,2,1973,Suburban,Good,No,434445.46
467,1691,3,3,3,1948,Urban,Fair,No,493842.5
468,3493,4,1,1,1963,Urban,Good,Yes,733752.62
469,3181,5,3,3,1931,Urban,Excellent,Yes,760072.48
470,1717,2,2,3,1963,Rural,Fair,Yes,412872.73
471,2040,3,1,1,2014,Suburban,Good,No,500274.22
472,3736,1,2,1,1901,Suburban,Fair,Yes,558651.18
473,2886,3,4,2,1923,Rural,Excellent,Yes,584752.13
474,4219,3,3,2,1986,Suburban,Good,Yes,852973.11
475,1888,3,3,3,1965,Suburban,Fair,No,520214.52
476,2356,3,2,2,1937,Rural,Fair,No,462444.46
477,1865,2,4,2,1930,Downtown,Good,Yes,544698.35
478,999,4,1,1,2014,Suburban,Fair,No,383738.75
479,2180,5,1,1,2003,Rural,Fair,Yes,583883.21
480,1010,3,3,2,1925,Urban,Excellent,Yes,427193.62
481,4812,3,2,1,1928,Downtown,Excellent,No,890441.24
482,1824,3,2,2,1966,Urban,Excellent,No,503786.89
483,1655,4,1,1,2021,Suburban,Excellent,No,481553.31
484,2327,1,4,1,1977,Downtown,Excellent,No,596461.95
485,3641,1,4,1,1924,Rural,Excellent,Yes,625184.74
486,3986,2,1,1,1947,Suburban,Good,Yes,670746.19
487,2310,1,1,2,1964,Rural,Excellent,No,444801.41
488,3423,3,2,3,1952,Downtown,Fair,No,722166.78
489,2714,3,4,1,1966,Urban,Good,Yes,669127.12
490,4686,3,1,2,2017,Suburban,Fair,Yes,889304.6
491,1213,2,1,2,1989,Suburban,Excellent,Yes,409270.41
492,4102,3,3,1,1917,Rural,Excellent,Yes,747359.16
493,4634,1,1,3,1908,Downtown,Fair,No,792380.52
494,4022,4,1,1,1937,Rural,Fair,No,659840.74
495,4768,4,4,2,1986,Downtown,Fair,No,1001686.86
496,1743,5,2,3,1920,Suburban,Poor,Yes,484273.65
497,4209,1,4,2,2020,Downtown,Poor,Yes,851211.31
498,1581,3,2,1,1964,Suburban,Poor,No,381874.92
499,955,4,3,3,1920,Downtown,Poor,No,400615.73
500,1394,1,1,2,1926,Urban,Good,No,320478.0
501,1884,4,3,2,2005,Downtown,Excellent,Yes,674912.66
502,2458,3,2,2,2022,Urban,Fair,No,644581.25
503,3572,4,4,1,1969,Downtown,Excellent,Yes,822081.49
504,2496,5,4,3,2018,Downtown,Fair,No,765724.54
505,4785,5,3,1,1943,Rural,Excellent,No,857590.36
506,1004,4,2,1,1999,Rural,Good,No,358913.12
507,1714,1,3,1,1927,Suburban,Poor,Yes,344834.09
508,2031,1,3,3,1944,Rural,Excellent,Yes,457270.14
509,3940,1,1,1,1916,Downtown,Fair,Yes,688927.82
510,1323,4,3,1,2022,Rural,Excellent,Yes,470925.75
511,1428,1,1,1,1939,Downtown,Good,Yes,401396.85
512,633,3,1,1,2021,Urban,Good,Yes,377036.43
513,2605,5,4,2,2015,Downtown,Excellent,No,780165.78
514,4127,3,1,1,1902,Suburban,Poor,Yes,651296.55
515,2352,1,1,2,1975,Urban,Fair,No,486208.43
516,4675,3,4,1,2002,Suburban,Good,Yes,912480.87
517,3433,1,3,3,1975,Suburban,Good,No,677903.76
518,3784,4,2,2,1965,Suburban,Excellent,No,752356.67
519,4798,3,2,2,2019,Rural,Good,Yes,893929.98
520,3311,4,2,2,1945,Suburban,Good,No,678800.81
521,1750,4,3,2,1985,Urban,Fair,Yes,525558.92
522,4012,2,1,3,1986,Downtown,Poor,Yes,818710.4
523,1756,1,2,1,1929,Suburban,Fair,Yes,351040.64
524,3876,5,3,2,1968,Urban,Poor,Yes,830238.98
525,3986,1,1,3,1908,Suburban,Fair,No,625531.11
526,4084,5,4,2,1984,Downtown,Excellent,Yes,941046.77
527,1896,1,2,1,1910,Urban,Good,No,362666.86
528,4137,4,1,2,1968,Urban,Poor,No,781331.27
529,3830,3,2,3,1998,Downtown,Excellent,No,871595.84
530,3203,3,2,1,1990,Urban,Good,Yes,685425.25
531,970,2,2,3,2012,Downtown,Good,No,473078.89
532,1853,5,1,1,1965,Urban,Good,Yes,511067.2
533,3283,5,3,1,1987,Urban,Fair,No,735698.8
534,3331,5,1,1,1930,Downtown,Excellent,Yes,738464.76
535,857,4,2,2,1932,Downtown,Excellent,Yes,437032.46
536,3519,5,1,3,1938,Urban,Good,Yes,768980.98
537,1167,3,4,3,1993,Urban,Poor,Yes,464103.8
538,4968,4,3,3,1945,Downtown,Excellent,No,1002171.67
539,1645,1,1,1,1936,Rural,Fair,No,302944.39
540,4685,5,4,2,2014,Downtown,Poor,Yes,1014596.62
541,4219,5,3,1,1991,Urban,Poor,No,859505.38
542,3245,1,4,3,1959,Urban,Poor,Yes,649604.4
543,1039,5,3,2,1930,Urban,Poor,Yes,426617.06
544,3279,1,1,2,1910,Downtown,Excellent,No,653493.53
545,4636,4,4,2,1986,Urban,Good,Yes,919605.33
546,4275,3,2,3,2020,Rural,Poor,Yes,803396.57
547,3008,1,4,2,1901,Suburban,Fair,Yes,557196.08
548,3279,2,3,2,2003,Rural,Fair,Yes,652524.32
549,1424,1,1,1,2004,Downtown,Good,Yes,460887.19
550,3456,5,3,1,1926,Urban,Excellent,No,730220.22
551,2081,4,4,2,1998,Downtown,Good,No,656628.85
552,3824,4,4,2,1901,Suburban,Poor,No,692284.84
553,4985,1,2,1,2002,Downtown,Excellent,Yes,968966.73
554,755,3,1,1,2000,Urban,Excellent,Yes,398566.31
555,2338,2,1,1,1920,Suburban,Poor,Yes,428604.04
556,2444,4,4,3,1957,Suburban,Fair,Yes,614441.85
557,509,5,1,3,1904,Urban,Poor,Yes,309055.91
558,3371,5,2,1,1951,Urban,Good,Yes,729241.63
559,1297,3,3,2,1944,Urban,Poor,No,400726.78
560,1515,4,1,1,1984,Downtown,Fair,Yes,502835.23
561,2324,1,4,3,1992,Rural,Poor,No,500866.62
562,4969,5,3,2,1919,Downtown,Good,Yes,1020801.01
563,3636,3,3,3,1960,Downtown,Good,No,816346.87
564,2693,4,2,2,1937,Rural,Fair,Yes,550099.65
565,723,4,4,3,1919,Urban,Good,No,405708.21
566,4658,4,1,2,2013,Urban,Good,No,912718.87
567,4425,4,4,2,1924,Rural,Poor,Yes,752878.13
568,4500,4,3,2,1901,Rural,Excellent,Yes,792378.71
569,2133,5,4,2,2020,Downtown,Good,No,678828.12
570,2652,3,1,3,1931,Suburban,Good,Yes,563987.3
571,1010,4,1,3,1925,Rural,Fair,Yes,330676.28
572,884,2,2,2,1969,Downtown,Fair,Yes,423766.56
573,904,2,1,2,1940,Suburban,Poor,No,260023.91
574,2500,3,1,3,2020,Urban,Poor,Yes,626313.49
575,3256,1,4,2,1966,Urban,Good,No,676721.08
576,2168,1,4,2,1996,Downtown,Excellent,No,576672.97
577,1960,1,3,2,1900,Downtown,Excellent,Yes,504934.22
578,4136,2,2,1,1950,Rural,Poor,No,660842.98
579,3224,1,4,2,1904,Urban,Fair,Yes,587141.21
580,4678,5,1,1,1912,Downtown,Good,Yes,912696.31
581,2548,4,3,2,1918,Urban,Good,No,594117.45
582,4646,2,4,3,1911,Urban,Excellent,No,854250.68
583,1216,3,2,1,1947,Rural,Poor,No,301471.73
584,2323,3,2,1,1924,Suburban,Excellent,No,529250.39
585,2581,4,3,2,1956,Rural,Excellent,No,590257.99
586,3919,2,3,2,2014,Downtown,Poor,Yes,837393.31
587,2074,1,3,1,1934,Rural,Fair,No,364929.59
588,749,1,3,3,1975,Rural,Good,Yes,298722.33
589,1173,5,3,3,1993,Urban,Fair,Yes,540245.04
590,2665,5,1,2,1904,Rural,Poor,No,483808.74
591,1270,1,1,3,1997,Downtown,Poor,No,420073.49
592,4462,3,4,3,1921,Suburban,Good,No,813395.14
593,4863,3,2,2,2002,Rural,Fair,No,857774.7
594,2484,5,1,3,1976,Rural,Good,No,592924.93
595,1577,4,1,2,1956,Suburban,Excellent,Yes,492573.1
596,735,1,1,1,1946,Downtown,Excellent,Yes,325899.75
597,888,5,4,2,1953,Downtown,Excellent,Yes,520691.88
598,3537,5,3,1,1902,Rural,Fair,No,618528.54
599,2348,1,4,1,2023,Urban,Excellent,No,590875.6
600,3314,1,2,3,1952,Rural,Good,Yes,614879.51
601,3874,3,2,3,1983,Suburban,Fair,No,766274.83
602,3778,4,2,3,1930,Suburban,Good,No,720907.52
603,1752,4,2,2,1968,Suburban,Poor,No,468604.09
604,4481,1,1,3,1987,Rural,Fair,Yes,782764.57
605,2622,2,1,1,2003,Rural,Good,No,521361.52
606,2650,5,4,3,2017,Downtown,Good,Yes,839551.94
607,1829,5,3,3,1932,Urban,Fair,No,526563.16
608,1858,1,2,2,1971,Rural,Poor,No,348370.18
609,2982,2,4,2,1987,Downtown,Fair,Yes,690879.2
610,2517,3,1,1,1949,Rural,Excellent,No,520350.66
611,1831,1,1,2,1983,Downtown,Excellent,No,519145.48
612,4844,1,3,3,2023,Downtown,Poor,No,936186.23
613,4761,5,3,2,1915,Urban,Good,Yes,923229.53
614,1858,1,3,1,2013,Rural,Good,No,412957.66
615,3677,1,4,3,2015,Downtown,Good,No,859796.28
616,2628,1,1,1,1975,Suburban,Fair,No,482678.32
617,2680,5,1,2,1976,Suburban,Fair,No,610040.92
618,637,3,3,2,2008,Suburban,Poor,No,347496.5
619,3972,3,2,1,2005,Urban,Excellent,Yes,839675.14
620,3332,1,3,3,1938,Downtown,Good,Yes,717318.26
621,4079,5,4,2,1988,Urban,Excellent,No,899212.88
622,3531,3,3,2,1945,Rural,Fair,No,648202.03
623,4664,3,3,3,1995,Rural,Fair,Yes,901650.37
624,3093,3,4,2,1987,Downtown,Fair,No,757171.3
625,4800,5,3,1,2011,Suburban,Excellent,No,984397.8
626,4318,5,1,2,1946,Downtown,Poor,No,841671.76
627,4638,1,2,2,1943,Downtown,Poor,No,788395.93
628,4323,4,3,3,1908,Downtown,Fair,No,853903.2
629,4542,3,4,1,2003,Urban,Good,No,895595.87
630,2406,4,2,3,2013,Rural,Excellent,No,637492.87
631,1260,5,4,2,1986,Downtown,Fair,No,522413.03
632,3945,5,2,2,1949,Downtown,Excellent,Yes,911493.25
633,1399,5,2,3,1976,Downtown,Excellent,Yes,599499.88
634,4955,4,3,3,1959,Urban,Poor,No,922446.78
635,3447,5,1,3,2022,Urban,Fair,No,784328.43
636,2219,1,3,1,1995,Urban,Poor,No,465747.15
637,780,5,4,2,2013,Downtown,Fair,No,522047.56
638,3766,2,4,3,1914,Suburban,Excellent,Yes,739879.77
639,2387,4,2,2,1935,Suburban,Poor,Yes,509060.59
640,3766,2,2,1,2012,Suburban,Excellent,Yes,737553.82
641,1166,5,1,1,1962,Rural,Fair,Yes,363943.23
642,4688,1,3,1,1968,Downtown,Good,No,882275.32
643,1171,3,4,1,1985,Suburban,Poor,No,376436.13
644,2469,5,2,2,1979,Suburban,Poor,No,561122.86
645,4656,1,1,1,1940,Suburban,Excellent,Yes,764193.85
646,3622,4,4,1,1973,Downtown,Excellent,No,829069.15
647,4400,2,2,3,1923,Suburban,Good,No,718846.7
648,1023,2,4,1,1981,Suburban,Poor,Yes,351675.58
649,2893,2,1,3,1948,Downtown,Fair,Yes,642425.98
650,3617,4,1,1,1917,Rural,Fair,Yes,632553.1
651,3093,1,4,1,1906,Urban,Poor,Yes,586824.34
652,2468,4,3,3,1903,Suburban,Poor,Yes,562038.48
653,2253,2,4,1,1989,Urban,Poor,No,525556.67
654,2796,5,2,2,1968,Rural,Good,No,599682.11
655,2761,3,3,2,1959,Rural,Fair,Yes,612230.4
656,2786,4,2,1,1954,Suburban,Fair,No,573268.28
657,4702,4,4,2,1915,Downtown,Excellent,No,941568.94
658,3378,1,3,3,1998,Rural,Excellent,No,673578.12
659,4643,1,2,1,1989,Urban,Poor,No,788261.27
660,4144,4,4,1,1981,Urban,Excellent,Yes,886054.59
661,4932,2,4,3,1928,Urban,Good,No,884355.07
662,2555,3,3,3,1922,Urban,Fair,No,565347.12
663,1776,1,4,3,2016,Rural,Fair,No,461388.7
664,3266,2,1,1,1913,Suburban,Excellent,Yes,579728.63
665,802,5,2,3,1978,Suburban,Poor,No,375367.31
666,1138,1,2,3,1948,Urban,Excellent,Yes,404336.45
667,555,2,4,2,1932,Suburban,Poor,Yes,263725.34
668,1025,2,4,2,1924,Urban,Good,Yes,404009.89
669,4623,3,1,1,1920,Urban,Fair,Yes,750825.45
670,2625,3,3,2,1916,Downtown,Good,No,628622.6
671,3787,5,4,2,1922,Rural,Fair,Yes,757401.28
672,864,2,4,3,1956,Rural,Good,Yes,318219.15
673,2146,2,4,3,2006,Urban,Excellent,Yes,635839.69
674,1418,3,4,2,1980,Rural,Good,Yes,442368.39
675,3297,1,2,2,1957,Suburban,Good,Yes,600397.32
676,2031,1,4,2,1913,Urban,Excellent,No,465662.75
677,3845,4,2,1,1992,Downtown,Fair,Yes,817591.36
678,2406,3,4,1,1919,Suburban,Fair,No,522764.06
679,3586,4,3,1,1929,Downtown,Excellent,No,787915.18
680,2575,3,1,2,1918,Downtown,Good,Yes,616623.33
681,1213,5,3,2,1952,Rural,Good,No,421915.08
682,1562,2,4,1,2002,Rural,Good,No,404524.22
683,2476,5,4,1,1955,Urban,Poor,No,595112.2
684,1796,3,4,2,1976,Rural,Fair,Yes,485820.62
685,625,2,3,3,1981,Downtown,Good,Yes,407418.08
686,4096,1,4,1,1922,Downtown,Fair,Yes,769574.98
687,3783,1,3,2,1961,Suburban,Good,Yes,699685.12
688,2103,4,2,2,2009,Downtown,Excellent,Yes,672467.69
689,566,3,1,3,1932,Urban,Excellent,Yes,359644.4
690,732,3,1,2,2002,Urban,Fair,Yes,385223.95
691,2656,1,3,2,2003,Rural,Fair,No,524165.51
692,1669,5,2,1,1917,Rural,Excellent,No,441259.95
693,2658,2,3,1,1972,Rural,Poor,Yes,495724.05
694,4706,5,2,3,1932,Urban,Excellent,No,941419.03
695,1993,5,4,3,1931,Downtown,Good,Yes,657486.52
696,4507,1,2,2,1960,Rural,Poor,Yes,716866.8
697,2972,1,2,1,1953,Suburban,Excellent,Yes,580552.0
698,3160,1,2,3,1916,Rural,Poor,No,488033.3
699,3239,4,1,3,1918,Urban,Poor,Yes,672730.41
700,2261,5,2,3,1990,Rural,Poor,Yes,573756.47
701,4014,3,4,2,1969,Downtown,Fair,Yes,852679.15
702,2475,2,4,1,1998,Rural,Excellent,Yes,592285.14
703,2862,4,4,3,2019,Urban,Fair,No,730194.84
704,1376,3,2,1,2000,Urban,Fair,Yes,434353.08
705,4312,5,3,3,1933,Suburban,Good,No,823510.56
706,3948,1,3,3,1983,Urban,Good,No,783630.15
707,1812,5,4,1,1924,Suburban,Poor,Yes,459553.56
708,1960,2,1,1,1967,Downtown,Poor,Yes,513021.91
709,3209,4,3,1,1973,Urban,Good,No,673241.06
710,2824,4,2,2,1973,Rural,Good,No,624866.85
711,2233,2,3,3,1987,Downtown,Excellent,No,643355.26
712,2105,3,4,2,1984,Rural,Poor,No,489399.3
713,3063,3,1,1,1910,Rural,Poor,Yes,495616.21
714,3921,4,3,3,1990,Rural,Good,No,798317.04
715,4017,4,3,2,1915,Downtown,Excellent,No,836745.48
716,2897,1,4,3,1989,Downtown,Good,No,714859.53
717,4235,3,1,2,1960,Urban,Good,No,792863.41
718,3370,2,1,1,1993,Rural,Fair,Yes,610654.53
719,1660,3,4,2,2012,Suburban,Poor,Yes,502745.82
720,742,1,2,3,1979,Urban,Excellent,Yes,378305.82
721,3090,4,3,3,1906,Downtown,Fair,No,698317.03
722,1563,4,2,3,1915,Suburban,Poor,No,377637.47
723,4824,1,3,3,1998,Downtown,Good,Yes,941697.22
724,3095,2,3,1,2021,Suburban,Excellent,Yes,703998.96
725,1419,4,2,2,1915,Urban,Poor,No,397132.98
726,505,5,4,1,1939,Suburban,Good,Yes,349590.25
727,967,4,4,1,1911,Urban,Fair,No,357486.51
728,4670,5,3,1,1934,Downtown,Excellent,No,949513.73
729,503,1,4,3,2012,Suburban,Poor,No,299693.6
730,1145,1,3,3,1920,Rural,Fair,No,266775.43
731,617,4,4,3,1949,Rural,Good,No,343847.68
732,3428,3,3,2,1942,Downtown,Good,No,725364.41
733,3051,5,4,3,1999,Suburban,Poor,Yes,753453.79
734,4789,2,1,2,2011,Rural,Good,Yes,818531.25
735,1346,4,2,3,1916,Urban,Excellent,Yes,491417.33
736,3262,2,1,3,1931,Suburban,Poor,No,580648.96
737,1641,4,2,1,1940,Suburban,Fair,Yes,434770.45
738,2310,3,2,1,1905,Rural,Poor,No,411140.36
739,1223,3,3,1,1987,Urban,Poor,No,428872.12
740,724,3,2,2,1926,Urban,Fair,No,319335.55
741,4708,3,1,2,1919,Urban,Good,No,788126.89
742,2548,1,1,3,1924,Suburban,Fair,Yes,465246.35
743,4915,1,4,2,1965,Downtown,Excellent,Yes,949677.72
744,2073,5,1,3,1908,Suburban,Good,Yes,523681.37
745,2328,2,4,2,1991,Suburban,Poor,No,538904.89
746,2417,4,2,2,1952,Rural,Good,Yes,536723.84
747,4734,4,1,2,1960,Downtown,Good,Yes,943821.5
748,2526,1,2,1,1937,Urban,Excellent,Yes,521949.26
749,4244,4,1,2,1902,Rural,Good,No,695947.23
750,1401,1,1,1,1983,Suburban,Good,Yes,342330.08
751,2539,5,4,1,1969,Downtown,Good,No,679921.5
752,509,2,2,2,2002,Urban,Poor,Yes,304294.73
753,760,5,1,3,1996,Urban,Good,No,427161.9
754,2173,3,3,3,1954,Suburban,Fair,Yes,558494.63
755,2719,3,2,3,1900,Urban,Good,Yes,580829.02
756,2560,3,2,2,2000,Urban,Excellent,Yes,703885.73
757,4213,5,2,3,1969,Downtown,Good,No,928789.77
758,2119,4,4,1,1944,Rural,Good,Yes,514442.54
759,820,2,3,3,1997,Downtown,Poor,Yes,422624.63
760,1842,3,2,2,1946,Rural,Fair,No,417964.65
761,2876,3,1,3,1978,Rural,Good,No,582045.43
762,3332,3,1,1,2008,Rural,Fair,No,623790.15
763,3324,2,4,2,1925,Urban,Excellent,No,719621.27
764,2494,3,1,3,2020,Downtown,Poor,Yes,667379.1
765,3458,2,2,2,1913,Urban,Fair,Yes,660079.1
766,2538,3,1,2,2021,Suburban,Poor,No,554892.35
767,3990,5,2,2,1953,Downtown,Good,Yes,877475.17
768,4177,5,1,3,1970,Rural,Excellent,No,849172.01
769,1618,2,3,2,1945,Urban,Poor,Yes,423035.49
770,2104,5,4,3,2021,Urban,Good,No,711206.73
771,4527,2,4,1,1930,Downtown,Fair,Yes,857726.28
772,735,5,3,3,1987,Downtown,Excellent,No,512013.0
773,2469,5,3,1,1958,Rural,Excellent,No,589256.12
774,4929,2,4,3,1994,Rural,Fair,Yes,911558.32
775,2408,4,3,2,1928,Suburban,Fair,Yes,564167.15
776,875,5,2,3,2005,Rural,Excellent,Yes,436296.63
777,4030,3,1,2,1995,Urban,Poor,No,755092.94
778,3135,4,4,1,1916,Suburban,Excellent,Yes,664837.22
779,2070,2,3,3,1913,Suburban,Fair,No,446283.5
780,3060,4,2,2,2003,Suburban,Poor,Yes,686410.08
781,3891,1,4,1,1935,Downtown,Good,Yes,761595.52
782,3465,1,3,1,1957,Rural,Excellent,No,588319.83
783,4143,5,4,3,2011,Suburban,Fair,No,900792.97
784,4350,5,3,1,1923,Downtown,Good,Yes,901958.79
785,1372,3,4,2,2008,Downtown,Excellent,No,575556.86
786,1752,4,2,1,1962,Suburban,Excellent,No,496371.71
787,1814,1,2,1,2017,Suburban,Poor,Yes,445228.83
788,3398,5,1,2,1990,Urban,Fair,No,751227.7
789,577,4,4,1,1924,Suburban,Good,Yes,322157.51
790,3121,5,1,1,1958,Urban,Excellent,Yes,689615.59
791,4727,5,4,1,1931,Suburban,Poor,No,850454.27
792,1100,1,3,1,2015,Suburban,Good,Yes,386215.32
793,1565,1,3,2,1981,Rural,Good,No,387023.68
794,2636,5,1,1,2009,Suburban,Excellent,Yes,648228.77
795,2949,2,4,2,1917,Suburban,Good,No,559054.15
796,2843,5,1,1,1936,Urban,Excellent,No,654387.29
797,2363,5,2,1,1925,Urban,Poor,No,530696.67
798,1818,3,1,1,1908,Rural,Poor,No,330362.51
799,4097,3,1,1,2023,Suburban,Good,No,780334.78
800,4262,3,3,2,1998,Suburban,Excellent,Yes,869306.34
801,2690,2,1,2,1963,Urban,Fair,Yes,587074.26
802,1492,2,4,2,1971,Downtown,Poor,No,466719.33
803,3212,5,3,3,1919,Downtown,Excellent,Yes,802701.81
804,2692,3,1,1,1953,Downtown,Excellent,No,617325.87
805,1748,2,2,1,2005,Urban,Excellent,No,491822.56
806,3554,1,1,2,1985,Urban,Good,Yes,690482.42
807,4533,5,1,3,1982,Downtown,Fair,Yes,968022.01
808,2497,4,1,1,1929,Downtown,Good,No,575128.77
809,4187,5,3,2,1952,Suburban,Poor,No,816546.34
810,2651,4,4,1,1991,Urban,Good,No,649710.89
811,4518,3,2,1,1998,Urban,Excellent,No,874336.93
812,3610,4,1,2,2006,Downtown,Good,No,809704.03
813,2470,3,4,2,1962,Downtown,Excellent,No,690204.67
814,697,1,4,1,1910,Rural,Fair,Yes,209158.32
815,3126,4,3,1,1930,Urban,Good,No,670457.67
816,1702,5,2,2,1948,Rural,Good,No,433776.59
817,2535,3,3,1,2011,Suburban,Good,Yes,620055.75
818,977,5,4,1,2002,Rural,Excellent,No,453754.46
819,1754,2,4,2,1999,Downtown,Excellent,No,584954.26
820,1422,3,4,1,1993,Urban,Good,Yes,516142.21
821,919,4,3,1,1986,Urban,Good,No,410710.67
822,2704,3,2,3,1918,Rural,Fair,Yes,555460.21
823,3097,5,1,2,1911,Rural,Fair,No,608593.47
824,1620,1,3,3,1914,Suburban,Poor,Yes,364357.42
825,3568,3,4,3,1930,Suburban,Fair,Yes,710757.46
826,1450,4,3,3,1942,Downtown,Fair,Yes,554700.77
827,2836,2,4,1,2000,Downtown,Fair,No,693973.58
828,2743,1,1,1,1936,Downtown,Excellent,No,557747.1
829,3145,2,1,3,1978,Rural,Fair,Yes,599347.2
830,2357,3,2,3,1928,Rural,Fair,Yes,493983.23
831,2365,5,4,3,2013,Urban,Good,No,690583.24
832,3412,5,2,1,2006,Downtown,Excellent,No,816780.22
833,3353,4,2,3,1925,Rural,Poor,No,599927.89
834,3728,5,1,3,2007,Urban,Poor,No,796023.04
835,4219,1,3,2,1901,Downtown,Fair,No,740449.73
836,3728,5,3,2,1983,Suburban,Poor,Yes,789453.22
837,2871,4,2,1,1914,Suburban,Poor,No,555687.51
838,3391,3,1,2,2015,Rural,Poor,Yes,645954.69
839,4256,3,4,2,1903,Urban,Fair,No,787344.84
840,4725,5,3,2,1985,Suburban,Poor,Yes,914140.17
841,594,2,2,1,1949,Urban,Fair,Yes,282178.04
842,3174,3,3,2,1937,Urban,Good,No,672642.29
843,2455,5,3,1,1922,Suburban,Good,Yes,558709.17
844,1293,4,4,3,1958,Urban,Poor,Yes,492626.15
845,2334,5,1,2,1989,Suburban,Good,Yes,612616.78
846,2616,3,4,1,2014,Rural,Fair,Yes,606666.77
847,4606,4,1,2,1974,Downtown,Good,No,921317.53
848,3825,5,3,3,1927,Downtown,Poor,Yes,874979.5
849,3419,1,2,1,2019,Rural,Fair,No,598603.9
850,3097,4,4,1,1965,Suburban,Excellent,Yes,699745.05
851,3705,1,1,1,2022,Suburban,Fair,No,653702.89
852,1314,2,3,3,1907,Suburban,Good,No,350387.84
853,845,4,1,3,1928,Suburban,Excellent,No,347089.19
854,2849,1,1,3,1910,Rural,Fair,Yes,498805.25
855,862,3,1,1,2000,Downtown,Excellent,No,449967.56
856,2943,3,3,3,1917,Urban,Excellent,No,645928.81
857,2765,2,2,2,1954,Urban,Excellent,Yes,612164.67
858,2688,4,2,3,1949,Downtown,Fair,No,672211.23
859,3505,4,2,1,1913,Rural,Good,Yes,625666.65
860,3781,4,1,2,2017,Urban,Fair,Yes,822923.98
861,1484,2,3,3,1973,Downtown,Good,No,513263.85
862,2139,4,1,2,1998,Rural,Fair,Yes,500133.84
863,1327,3,2,2,1908,Urban,Fair,Yes,409522.58
864,3230,1,2,1,1998,Suburban,Fair,Yes,641638.17
865,4031,3,3,2,1910,Suburban,Good,No,710438.17
866,4951,3,1,2,1962,Rural,Fair,Yes,825214.48
867,3435,1,4,1,2007,Suburban,Excellent,Yes,718737.98
868,4376,3,4,1,1975,Rural,Fair,Yes,797996.85
869,626,2,2,1,1966,Downtown,Excellent,No,367258.16
870,3677,1,3,2,1952,Downtown,Poor,Yes,751563.07
871,3556,3,1,2,1938,Urban,Poor,No,650425.79
872,1103,5,1,2,1977,Rural,Good,Yes,397315.54
873,3949,3,2,1,1955,Urban,Good,No,723780.21
874,4646,2,2,3,1927,Urban,Poor,No,783916.05
875,4033,4,1,2,1974,Downtown,Fair,No,826993.1
876,3867,3,1,3,1938,Urban,Fair,Yes,775428.37
877,3868,4,2,1,1924,Suburban,Fair,Yes,698275.83
878,4297,5,1,2,1920,Urban,Poor,Yes,806566.82
879,2292,3,4,3,1909,Rural,Excellent,No,517413.66
880,3361,1,2,2,1942,Suburban,Good,Yes,634155.9
881,3976,4,1,2,1914,Downtown,Excellent,Yes,858983.99
882,3917,5,2,2,1982,Rural,Poor,No,736646.97
883,2145,1,3,3,1947,Suburban,Excellent,Yes,510408.41
884,1705,1,2,1,1985,Rural,Fair,Yes,390412.41
885,3530,1,2,2,1920,Suburban,Fair,No,593728.37
886,3372,1,3,1,1959,Rural,Excellent,No,625760.61
887,3572,3,4,1,2015,Rural,Poor,Yes,718218.92
888,2354,3,1,3,2007,Suburban,Excellent,No,593530.62
889,4521,3,3,3,1995,Downtown,Fair,Yes,963689.82
890,3208,5,2,1,1949,Downtown,Fair,Yes,754370.55
891,4002,5,1,2,1922,Rural,Poor,Yes,718967.23
892,1832,5,3,3,1912,Rural,Excellent,Yes,523169.11
893,701,2,1,2,1968,Downtown,Fair,Yes,374930.12
894,4007,5,1,2,1903,Downtown,Fair,No,802749.43
895,4712,3,3,2,1991,Urban,Excellent,No,951792.38
896,1074,3,1,1,1977,Downtown,Excellent,Yes,465250.65
897,1036,2,4,2,1971,Rural,Good,No,342673.23
898,2125,2,3,1,1908,Suburban,Poor,No,397250.71
899,2622,5,4,1,2020,Downtown,Poor,Yes,758557.63
900,885,4,2,2,2014,Urban,Excellent,No,451995.96
901,3781,2,1,2,1934,Urban,Poor,No,659260.1
902,974,1,2,2,2000,Urban,Fair,Yes,367319.92
903,917,3,2,2,1920,Suburban,Excellent,Yes,349241.17
904,4100,1,1,1,1957,Downtown,Excellent,Yes,800076.78
905,1454,3,3,2,1917,Downtown,Excellent,Yes,503786.49
906,1705,3,1,2,1996,Downtown,Good,Yes,555346.55
907,4620,2,2,1,1971,Suburban,Poor,Yes,760702.16
908,2490,2,2,3,2014,Suburban,Good,Yes,624093.8
909,4072,1,3,3,2012,Rural,Fair,No,751442.26
910,4880,3,1,1,1980,Urban,Poor,Yes,895448.82
911,4658,1,2,3,1942,Urban,Good,No,810323.33
912,3213,4,4,1,1994,Downtown,Excellent,No,802177.25
913,2703,1,2,2,1997,Suburban,Good,Yes,584030.76
914,3620,5,2,2,1905,Suburban,Excellent,No,740361.8
915,1466,1,3,3,1985,Downtown,Good,No,492250.57
916,3932,5,4,2,1977,Downtown,Good,No,906245.32
917,1188,5,2,3,1966,Rural,Good,Yes,454558.45
918,4743,5,2,3,1911,Urban,Excellent,No,920889.14
919,4201,4,4,2,1999,Urban,Good,No,885133.5
920,841,1,1,2,1911,Urban,Poor,Yes,248741.35
921,2224,1,1,3,2008,Rural,Poor,No,469024.48
922,4922,4,2,2,1965,Downtown,Poor,No,919562.27
923,2292,3,2,1,1901,Downtown,Excellent,No,542454.55
924,2259,2,1,2,1914,Urban,Excellent,No,477368.19
925,3712,1,3,2,1922,Urban,Poor,No,656885.7
926,1489,2,4,1,1928,Rural,Poor,Yes,312522.2
927,2762,4,4,2,1980,Suburban,Poor,No,619276.17
928,2982,3,3,2,1995,Suburban,Fair,Yes,670418.18
929,1451,3,3,3,1906,Urban,Poor,No,424112.86
930,1222,3,3,2,1993,Rural,Good,Yes,418173.75
931,3889,4,3,2,1927,Urban,Fair,Yes,768142.01
932,2579,5,3,1,1913,Suburban,Fair,Yes,596787.36
933,3217,5,3,3,1943,Urban,Excellent,No,741789.79
934,2832,2,4,3,1929,Suburban,Good,No,557877.91
935,3876,5,3,3,1980,Suburban,Excellent,No,859080.22
936,2000,5,1,2,1931,Suburban,Excellent,No,506969.19
937,785,3,3,3,2009,Downtown,Good,No,461431.51
938,3995,3,3,1,1969,Downtown,Excellent,Yes,868675.35
939,2565,2,4,3,2014,Urban,Good,Yes,686307.01
940,1268,1,4,1,1987,Suburban,Good,Yes,386278.82
941,3557,2,3,3,1905,Downtown,Excellent,No,719305.43
942,4789,2,4,3,1926,Urban,Poor,No,855656.86
943,2661,4,2,1,1981,Urban,Excellent,Yes,675183.02
944,3793,4,4,3,1987,Urban,Fair,No,831502.36
945,1446,2,4,3,2000,Urban,Excellent,No,552279.55
946,3835,2,4,3,2019,Urban,Good,Yes,836198.73
947,4650,2,4,2,1923,Rural,Fair,Yes,753917.12
948,1981,5,1,1,2001,Suburban,Good,No,524651.38
949,2401,4,1,3,1933,Urban,Poor,No,542746.21
950,3951,2,1,1,1939,Rural,Poor,Yes,623980.09
951,4564,3,3,1,1946,Suburban,Fair,No,782701.46
952,554,3,3,1,1978,Downtown,Poor,Yes,374100.83
953,2323,5,2,3,1974,Urban,Poor,Yes,611416.91
954,3962,5,1,3,1985,Rural,Excellent,Yes,849816.47
955,3579,1,3,1,2017,Downtown,Excellent,No,775937.73
956,1332,1,4,2,1923,Rural,Poor,Yes,322219.44
957,4908,1,4,1,1964,Suburban,Poor,Yes,822380.88
958,3306,5,1,2,1917,Suburban,Excellent,No,678531.3
959,2990,5,2,1,1943,Downtown,Poor,Yes,697546.51
960,827,5,2,1,1975,Rural,Poor,No,323325.63
961,3810,3,4,1,1956,Urban,Good,No,766940.84
962,3800,5,2,3,2006,Urban,Poor,No,850937.29
963,4175,3,1,2,1927,Downtown,Fair,Yes,801597.82
964,3554,1,4,2,2003,Downtown,Good,Yes,806955.06
965,2643,1,3,1,2023,Downtown,Fair,No,624543.96
966,1811,1,3,3,1970,Rural,Poor,No,416631.76
967,3691,2,2,3,1922,Urban,Excellent,No,706084.12
968,3038,2,4,2,1984,Urban,Good,Yes,724154.11
969,4483,4,4,3,1933,Urban,Excellent,No,908487.63
970,664,4,3,2,1910,Downtown,Good,No,355458.37
971,4777,4,4,2,1985,Urban,Excellent,No,976031.57
972,1322,2,4,2,2005,Suburban,Good,Yes,452744.23
973,1443,2,4,3,1934,Downtown,Good,No,497399.65
974,4925,4,2,2,2015,Urban,Fair,Yes,965560.64
975,1274,4,4,2,1992,Rural,Excellent,Yes,478327.25
976,2698,5,1,1,1941,Downtown,Fair,No,600896.89
977,3656,4,2,2,1927,Suburban,Fair,No,674395.41
978,4742,5,4,2,2022,Suburban,Excellent,No,961501.81
979,4195,3,4,1,1981,Rural,Good,Yes,766091.46
980,3952,2,1,1,1977,Rural,Fair,Yes,681066.22
981,1414,4,2,3,1981,Downtown,Excellent,Yes,595107.0
982,1808,2,3,2,1991,Downtown,Good,No,554921.86
983,4677,2,3,3,1923,Suburban,Fair,Yes,800805.36
984,1013,2,2,3,1907,Rural,Fair,No,258874.33
985,2420,3,4,1,2005,Downtown,Fair,No,645645.96
986,4094,1,4,3,2017,Suburban,Good,No,791744.53
987,1909,4,3,2,2008,Rural,Fair,Yes,554520.97
988,3690,1,3,1,1952,Suburban,Good,Yes,676260.43
989,4991,1,3,2,1971,Urban,Poor,Yes,866015.54
990,2055,1,1,2,1903,Rural,Fair,No,331853.29
991,1304,2,3,1,1990,Downtown,Poor,Yes,455245.74
992,1779,5,1,2,1999,Downtown,Excellent,Yes,606343.98
993,4077,2,2,1,1904,Urban,Fair,No,671502.34
994,3401,2,4,2,1996,Rural,Excellent,No,684900.24
995,1887,1,3,1,1948,Suburban,Excellent,Yes,430085.7
996,3261,2,4,3,1997,Downtown,Excellent,No,793613.5
997,3179,1,4,2,1929,Urban,Poor,Yes,637935.3
998,2606,5,3,1,1971,Urban,Good,No,658892.64
999,4723,4,3,2,2002,Rural,Poor,No,848822.32
1000,3268,1,2,2,1962,Rural,Poor,Yes,570828.74
1001,4453,5,1,2,1946,Downtown,Excellent,No,937880.33
1002,3686,4,1,1,1925,Urban,Fair,No,692149.51
1003,3780,3,4,3,1956,Suburban,Good,No,764294.46
1004,3073,1,3,3,1936,Urban,Excellent,Yes,648785.95
1005,3099,1,2,3,1997,Suburban,Good,No,642243.35
1006,4533,3,2,1,1906,Suburban,Poor,No,722192.28
1007,736,3,2,3,1939,Downtown,Good,Yes,425807.9
1008,1804,1,2,1,1991,Urban,Good,Yes,477547.58
1009,3930,3,2,2,1938,Suburban,Fair,No,717443.29
1010,1801,2,1,2,1961,Rural,Excellent,No,402601.47
1011,3041,4,1,3,2002,Suburban,Good,No,708490.91
1012,2551,4,1,1,1991,Rural,Good,Yes,568093.99
1013,941,4,3,2,1977,Rural,Poor,No,374358.91
1014,2576,2,4,1,1952,Urban,Poor,Yes,547942.18
1015,3680,3,2,1,2013,Rural,Good,Yes,747739.46
1016,3157,5,3,2,2001,Suburban,Excellent,No,760878.66
1017,4298,3,2,1,1903,Rural,Good,No,673268.73
1018,1304,1,1,2,2005,Urban,Good,Yes,413361.71
1019,574,4,3,2,1981,Downtown,Fair,No,409314.79
1020,2675,3,1,2,2007,Suburban,Excellent,No,627012.49
1021,4424,5,2,1,2011,Suburban,Fair,Yes,889462.53
1022,2589,1,2,2,1924,Urban,Excellent,No,521164.5
1023,540,2,4,1,1906,Urban,Excellent,Yes,301834.68
1024,2581,2,2,2,2001,Urban,Excellent,No,655164.06
1025,2122,5,1,2,1927,Urban,Fair,Yes,567673.15
1026,841,1,2,3,1968,Suburban,Fair,Yes,323674.86
1027,4552,4,4,3,1966,Downtown,Fair,No,953330.05
1028,2574,3,4,3,2007,Rural,Poor,Yes,614320.47
1029,1145,1,1,1,1994,Rural,Fair,Yes,304252.77
1030,4763,2,3,1,2010,Downtown,Poor,No,884448.11
1031,1109,5,2,2,2005,Downtown,Poor,No,496409.35
1032,954,5,4,2,2021,Downtown,Poor,No,499491.24
1033,3453,3,2,2,1919,Urban,Good,Yes,693578.35
1034,2208,5,2,2,1982,Suburban,Good,Yes,612147.94
1035,3972,5,3,1,2011,Suburban,Good,Yes,845612.2
1036,3469,1,4,2,2023,Suburban,Poor,No,706879.8
1037,3528,4,2,2,1910,Urban,Poor,Yes,665853.52
1038,3181,3,4,3,2003,Suburban,Excellent,Yes,745864.38
1039,4129,1,1,2,1966,Urban,Poor,No,706136.78
1040,4725,4,1,2,1986,Suburban,Good,Yes,908956.47
1041,3567,1,2,2,1906,Downtown,Poor,No,655968.92
1042,1886,1,4,1,1922,Rural,Poor,No,329696.74
1043,4276,5,2,3,1960,Rural,Excellent,No,857660.21
1044,3366,4,4,2,1970,Urban,Poor,Yes,746602.37
1045,3863,3,4,2,2009,Suburban,Fair,Yes,804300.59
1046,4624,3,3,3,1933,Rural,Excellent,Yes,860674.9
1047,648,4,3,2,2005,Downtown,Poor,No,440124.84
1048,4350,5,3,1,1918,Downtown,Poor,No,814654.12
1049,2558,2,2,2,1957,Downtown,Excellent,No,642588.11
1050,1636,1,3,1,1908,Urban,Poor,Yes,377181.37
1051,686,5,3,1,1947,Urban,Good,Yes,388696.56
1052,3354,4,1,2,2014,Suburban,Fair,Yes,731157.05
1053,1750,1,4,3,1981,Downtown,Fair,Yes,554410.45
1054,1833,3,4,1,1940,Suburban,Good,Yes,479800.11
1055,4693,2,3,3,1947,Suburban,Poor,No,795735.42
1056,4650,3,4,2,1944,Downtown,Poor,Yes,895625.65
1057,3211,4,1,1,2005,Suburban,Fair,No,658146.69
1058,2285,1,1,2,1924,Rural,Poor,No,382840.94
1059,1250,4,3,3,2015,Urban,Fair,Yes,540754.0
1060,2262,1,1,2,1977,Suburban,Fair,No,449400.79
1061,4420,5,4,2,2007,Downtown,Good,Yes,1024075.48
1062,4960,2,2,1,1924,Urban,Fair,Yes,785271.86
1063,981,5,4,2,1918,Urban,Poor,No,412561.49
1064,653,5,2,2,1938,Suburban,Poor,Yes,304594.29
1065,2024,4,3,2,2018,Rural,Excellent,Yes,585483.39
1066,2620,2,2,1,1978,Suburban,Poor,No,490604.95
1067,2843,1,1,3,1979,Rural,Excellent,No,537869.78
1068,1740,1,4,3,1926,Urban,Fair,No,453612.4
1069,560,3,2,2,2003,Suburban,Poor,No,300084.48
1070,1438,1,4,1,1973,Downtown,Good,No,459437.56
1071,2139,4,3,2,1962,Suburban,Good,No,544766.19
1072,4620,5,3,3,1967,Rural,Good,Yes,914655.61
1073,4726,5,1,1,2014,Rural,Fair,Yes,879732.33
1074,4069,5,3,3,1918,Suburban,Fair,Yes,787525.12
1075,1752,2,2,3,1927,Rural,Excellent,No,423604.0
1076,4703,1,3,1,1984,Urban,Good,Yes,846183.65
1077,671,4,1,1,2022,Suburban,Excellent,No,355281.27
1078,1958,2,4,2,2010,Rural,Excellent,Yes,533718.27
1079,4049,3,4,2,1977,Suburban,Poor,No,789781.4
1080,4697,4,3,3,1932,Suburban,Poor,Yes,873763.33
1081,2822,4,2,1,2011,Downtown,Good,No,708130.22
1082,2136,4,1,1,1909,Suburban,Fair,No,427141.13
1083,3615,5,2,2,1982,Downtown,Poor,No,800525.47
1084,4590,4,1,3,1929,Rural,Fair,No,810551.22
1085,3504,1,3,3,1921,Downtown,Excellent,Yes,746749.03
1086,829,4,1,2,1902,Downtown,Excellent,Yes,407620.62
1087,4140,5,1,1,2000,Downtown,Excellent,No,920254.25
1088,4394,4,3,2,2004,Urban,Excellent,No,930001.84
1089,4607,3,2,2,1981,Downtown,Good,No,909524.37
1090,1841,3,3,2,1974,Suburban,Excellent,Yes,529584.75
1091,4163,5,1,2,1947,Downtown,Poor,No,829015.98
1092,715,1,3,1,1901,Suburban,Excellent,No,229891.67
1093,838,1,1,2,1975,Downtown,Fair,Yes,368954.44
1094,4562,2,3,1,1953,Urban,Poor,No,783139.19
1095,3208,5,4,2,1905,Rural,Fair,No,639129.6
1096,3652,4,4,3,2006,Downtown,Fair,Yes,890549.25
1097,2250,5,3,1,2022,Downtown,Good,No,690079.53
1098,2921,2,2,3,1939,Urban,Good,No,581456.99
1099,1209,5,1,2,2007,Downtown,Fair,Yes,548814.92
1100,4226,5,4,2,1992,Suburban,Fair,No,873977.33
1101,4142,2,2,2,2022,Downtown,Excellent,Yes,919830.15
1102,4493,1,1,1,1993,Downtown,Poor,No,750946.17
1103,988,4,4,3,1901,Rural,Excellent,No,397265.62
1104,546,2,4,1,1972,Rural,Good,No,260286.16
1105,3859,3,3,1,2010,Downtown,Good,No,853892.74
1106,900,1,1,2,1901,Urban,Excellent,No,258901.41
1107,4490,3,2,3,1992,Rural,Poor,Yes,827291.61
1108,3657,1,2,2,1996,Downtown,Fair,No,722608.77
1109,4845,4,2,1,1973,Rural,Excellent,No,852793.47
1110,890,4,1,2,1997,Downtown,Good,Yes,503310.47
1111,4353,5,2,3,2007,Rural,Poor,Yes,860929.76
1112,4930,3,2,2,1954,Rural,Good,No,834361.49
1113,1128,1,2,3,1971,Suburban,Poor,Yes,355191.02
1114,4732,4,3,3,2000,Downtown,Poor,No,984195.23
1115,3430,2,3,2,2017,Downtown,Poor,Yes,775056.28
1116,2021,4,1,1,1959,Downtown,Excellent,Yes,592904.42
1117,1326,2,1,2,1996,Downtown,Excellent,No,516431.23
1118,2000,1,2,1,2010,Rural,Excellent,Yes,469735.72
1119,3794,4,3,1,1905,Suburban,Poor,No,662336.49
1120,2919,4,4,2,2007,Suburban,Poor,Yes,708129.82
1121,1434,1,4,1,2003,Urban,Good,Yes,477302.89
1122,3542,4,2,1,2008,Downtown,Fair,Yes,827065.45
1123,4997,2,2,2,1918,Urban,Excellent,No,871990.95
1124,1966,4,3,2,1995,Rural,Poor,No,475534.93
1125,4061,3,3,2,1926,Urban,Good,Yes,812431.47
1126,1114,5,3,1,1900,Downtown,Good,No,414224.82
1127,1682,2,1,3,2006,Suburban,Good,No,470199.53
1128,3723,3,1,1,2015,Suburban,Excellent,No,732775.86
1129,3167,1,2,3,1932,Downtown,Excellent,Yes,691147.92
1130,630,2,1,2,1939,Rural,Fair,No,208531.44
1131,3483,5,3,3,1931,Downtown,Good,Yes,832110.36
1132,4778,5,3,2,1968,Rural,Excellent,Yes,935268.81
1133,4959,1,1,2,1916,Suburban,Good,Yes,809875.67
1134,538,1,4,3,1907,Rural,Poor,Yes,214643.01
1135,4459,2,2,2,1956,Downtown,Good,Yes,863007.65
1136,4087,4,4,3,1941,Downtown,Fair,No,884271.31
1137,1420,1,2,2,1997,Downtown,Excellent,No,501342.06
1138,3269,4,4,1,1908,Rural,Poor,Yes,580355.88
1139,4611,3,1,1,2019,Rural,Excellent,No,842091.0
1140,992,5,2,2,1986,Rural,Poor,No,378477.59
1141,1631,4,2,2,1934,Suburban,Good,No,434766.55
1142,4021,5,2,3,2013,Urban,Good,No,916665.6
1143,810,4,3,1,1970,Urban,Fair,No,372649.17
1144,1238,3,3,3,1978,Downtown,Fair,No,494623.65
1145,3741,1,4,2,1952,Suburban,Poor,No,652133.92
1146,1045,3,1,2,1953,Rural,Fair,Yes,315383.69
1147,2961,1,3,3,1983,Downtown,Fair,Yes,674785.87
1148,4846,1,2,2,2013,Suburban,Fair,Yes,836679.24
1149,2304,5,3,1,1924,Downtown,Fair,No,616637.58
1150,3712,3,1,3,1966,Suburban,Good,No,705855.58
1151,4310,4,3,1,2023,Suburban,Fair,Yes,852729.11
1152,1313,3,2,1,1961,Urban,Good,No,374889.15
1153,4624,5,4,1,1954,Downtown,Good,No,941735.57
1154,2532,1,2,3,1945,Rural,Excellent,Yes,501413.65
1155,4913,5,1,2,1923,Urban,Good,Yes,940620.23
1156,744,2,4,1,1997,Urban,Good,Yes,405767.26
1157,771,2,3,1,1945,Rural,Fair,No,227007.74
1158,4011,4,3,1,1921,Suburban,Good,No,765716.54
1159,2271,5,3,2,1910,Rural,Poor,No,495556.48
1160,1762,4,4,2,1947,Downtown,Fair,Yes,568087.53
1161,2924,4,2,3,1907,Rural,Fair,Yes,540528.91
1162,4861,2,4,2,1938,Suburban,Fair,No,862094.14
1163,1420,4,4,3,2006,Rural,Excellent,Yes,515756.41
1164,3930,2,1,3,1934,Suburban,Fair,Yes,673419.02
1165,4935,1,4,3,1948,Suburban,Good,No,871688.56
1166,4984,5,3,3,1945,Downtown,Poor,Yes,1041616.29
1167,3124,4,2,3,1937,Rural,Fair,Yes,651784.09
1168,4260,2,2,1,1907,Rural,Fair,Yes,670158.64
1169,2550,3,2,2,1953,Downtown,Poor,No,599721.32
1170,4000,4,3,1,1936,Suburban,Fair,No,741801.23
1171,1665,1,3,3,1990,Rural,Excellent,Yes,475433.93
1172,875,1,3,2,1991,Downtown,Good,No,406467.87
1173,2533,3,3,1,1939,Suburban,Poor,No,502553.02
1174,645,2,3,1,1933,Downtown,Poor,No,294211.1
1175,4888,4,4,3,1995,Rural,Excellent,Yes,966230.53
1176,931,2,3,1,1978,Downtown,Good,No,398619.87
1177,1204,1,3,1,2007,Urban,Excellent,Yes,414025.65
1178,3132,2,3,1,1916,Suburban,Good,Yes,581684.91
1179,4994,1,3,1,1932,Urban,Excellent,No,829791.13
1180,1463,2,2,1,1946,Urban,Fair,Yes,376636.16
1181,2734,3,3,3,2009,Suburban,Excellent,No,682818.41
1182,2541,5,4,3,1951,Suburban,Poor,No,638710.03
1183,2328,3,4,1,2017,Downtown,Poor,Yes,663314.75
1184,2608,3,4,3,1979,Suburban,Poor,Yes,598182.49
1185,4568,5,1,3,1992,Urban,Excellent,No,938395.58
1186,1438,5,2,2,1908,Urban,Poor,No,429851.57
1187,1306,4,3,1,1932,Rural,Poor,No,315442.69
1188,1963,4,1,3,1959,Suburban,Fair,No,491520.5
1189,3915,3,3,3,2012,Urban,Fair,Yes,859600.78
1190,510,3,1,1,1992,Rural,Good,Yes,261174.83
1191,2368,1,1,2,1976,Rural,Good,Yes,474420.63
1192,1384,1,4,1,1920,Downtown,Good,No,379509.62
1193,4064,4,4,2,1957,Urban,Excellent,Yes,867199.49
1194,1889,4,1,1,1984,Downtown,Good,Yes,577566.73
1195,3901,1,4,1,1968,Urban,Excellent,Yes,746035.09
1196,4821,1,1,1,1909,Downtown,Excellent,Yes,838037.12
1197,1324,2,2,1,1905,Downtown,Good,No,372925.43
1198,2765,2,4,2,2019,Suburban,Good,Yes,671437.35
1199,1436,1,4,2,2014,Downtown,Excellent,Yes,554238.71
1200,3300,2,4,3,2020,Suburban,Fair,Yes,759062.11
1201,3053,5,2,1,1912,Rural,Poor,Yes,571168.37
1202,4345,4,1,2,1964,Urban,Poor,No,797608.92
1203,2296,4,3,2,1919,Rural,Poor,No,469014.46
1204,553,1,4,2,1956,Urban,Fair,Yes,317039.47
1205,1226,3,1,1,2010,Rural,Excellent,No,385712.9
1206,3236,1,2,3,1945,Urban,Good,No,633388.88
1207,3670,2,3,2,1907,Downtown,Excellent,No,724470.12
1208,2413,3,4,1,1909,Urban,Excellent,No,543446.49
1209,2096,2,2,2,1972,Urban,Good,Yes,512840.92
1210,2414,5,2,2,2012,Rural,Fair,No,617463.65
1211,2966,2,3,3,2004,Rural,Poor,No,582122.05
1212,3237,5,1,2,1966,Rural,Poor,Yes,636416.42
1213,1349,5,4,2,1910,Suburban,Excellent,Yes,465193.89
1214,2609,2,4,1,1911,Suburban,Fair,Yes,524093.87
1215,502,2,1,1,1909,Urban,Poor,Yes,200535.75
1216,4755,5,1,3,1924,Urban,Fair,No,900066.13
1217,4569,3,1,1,1948,Downtown,Good,Yes,853667.64
1218,1392,5,3,1,1948,Downtown,Excellent,No,534944.91
1219,2530,4,3,3,1988,Urban,Excellent,No,677169.79
1220,3660,5,4,2,1910,Suburban,Fair,Yes,773577.24
1221,2876,3,3,3,1961,Urban,Poor,Yes,637566.02
1222,2433,4,2,1,2017,Downtown,Fair,No,657837.31
1223,1880,1,4,3,1935,Suburban,Good,No,457006.65
1224,4181,1,3,2,1938,Suburban,Poor,Yes,710536.99
1225,1790,3,1,3,1952,Downtown,Poor,Yes,513320.69
1226,2140,5,2,1,1989,Urban,Fair,Yes,592952.69
1227,3182,2,1,1,1977,Rural,Good,No,565217.17
1228,1487,3,4,3,2002,Urban,Poor,No,504504.97
1229,1718,4,1,2,1955,Urban,Excellent,Yes,538898.19
1230,1855,4,3,3,2003,Downtown,Good,No,668607.85
1231,4765,1,3,2,1900,Suburban,Poor,Yes,737687.62
1232,4635,4,4,2,1955,Downtown,Fair,No,913102.96
1233,2060,3,1,3,2017,Urban,Poor,No,548375.77
1234,1918,4,4,2,1903,Rural,Excellent,Yes,527335.64
1235,1454,3,1,1,1929,Rural,Good,Yes,329664.88
1236,1483,2,2,3,1911,Rural,Poor,Yes,353876.75
1237,1474,1,3,2,2019,Downtown,Excellent,No,550485.51
1238,4633,4,4,1,1934,Suburban,Poor,No,801186.18
1239,4472,3,2,3,1976,Downtown,Poor,Yes,909894.75
1240,1413,5,2,1,1951,Rural,Good,No,425615.95
1241,536,1,4,1,1930,Urban,Fair,Yes,257593.08
1242,3887,2,4,1,2001,Suburban,Fair,No,734756.29
1243,2211,3,2,2,2006,Downtown,Excellent,Yes,655704.79
1244,3520,2,1,3,1986,Downtown,Excellent,No,761378.65
1245,1295,2,2,3,1967,Suburban,Excellent,No,405510.84
1246,4536,4,4,2,1951,Suburban,Good,No,843820.9
1247,3611,4,2,3,1979,Urban,Fair,No,772641.25
1248,1824,3,1,1,1906,Suburban,Excellent,Yes,407570.4
1249,817,5,3,3,1921,Urban,Excellent,No,435216.79
1250,2896,3,3,2,1992,Rural,Poor,Yes,582541.57
1251,2662,5,2,1,1974,Rural,Poor,Yes,579223.2
1252,3245,2,1,2,1955,Downtown,Excellent,Yes,725452.93
1253,2091,1,3,1,1996,Rural,Poor,Yes,404923.97
1254,3611,3,2,1,1957,Rural,Poor,No,617940.85
1255,4430,3,2,3,1992,Urban,Poor,Yes,888715.03
1256,2496,5,1,1,1963,Downtown,Good,No,619635.38
1257,1812,2,4,2,2022,Suburban,Excellent,No,567048.59
1258,1785,2,2,3,2002,Downtown,Excellent,No,586735.29
1259,4811,5,4,2,1911,Rural,Poor,No,816354.82
1260,2883,2,4,1,1906,Suburban,Good,Yes,555953.46
1261,3739,4,3,2,2022,Downtown,Poor,No,855844.9
1262,2639,1,4,2,1954,Downtown,Good,Yes,634410.08
1263,2204,3,1,1,2002,Downtown,Excellent,No,613001.34
1264,862,1,3,3,2005,Downtown,Poor,No,389349.9
1265,3104,3,3,2,1961,Urban,Excellent,Yes,717560.41
1266,2216,4,3,1,2011,Downtown,Good,No,628374.28
1267,4951,2,2,3,1989,Rural,Fair,No,843661.61
1268,4786,5,2,3,2003,Rural,Good,No,912921.39
1269,4238,4,4,3,1972,Urban,Fair,No,866307.05
1270,2969,1,3,2,2004,Suburban,Excellent,No,654711.4
1271,1056,5,3,2,1997,Suburban,Excellent,Yes,517549.65
1272,1325,2,1,2,2008,Rural,Poor,No,350187.07
1273,3308,4,4,3,1976,Rural,Fair,No,683655.31
1274,3219,5,1,2,1954,Urban,Good,Yes,718923.87
1275,4008,4,4,1,2018,Suburban,Excellent,No,872036.47
1276,4241,4,4,2,1935,Suburban,Fair,Yes,816555.75
1277,2074,2,2,2,1988,Downtown,Good,No,600209.94
1278,4498,3,2,3,1923,Downtown,Fair,No,857939.77
1279,2629,5,1,2,1943,Downtown,Good,Yes,679950.74
1280,2903,2,4,1,1916,Urban,Good,No,573753.25
1281,3829,4,3,3,1901,Rural,Good,No,702273.11
1282,1088,2,2,1,1912,Urban,Good,Yes,326552.95
1283,2512,3,3,3,1930,Suburban,Fair,Yes,575781.63
1284,2047,5,1,3,1992,Rural,Fair,No,544860.53
1285,794,3,2,2,2013,Downtown,Poor,Yes,424730.16
1286,2485,1,2,1,1927,Urban,Fair,No,443981.51
1287,3617,5,4,3,1959,Urban,Fair,Yes,802366.92
1288,2190,3,1,2,1926,Downtown,Poor,No,512319.87
1289,1636,4,4,3,1914,Urban,Fair,Yes,490329.5
1290,2564,5,2,3,1994,Downtown,Good,Yes,717226.64
1291,4955,5,1,3,2003,Suburban,Excellent,Yes,1009278.68
1292,1507,2,2,3,1978,Rural,Excellent,Yes,480104.99
1293,3014,4,1,3,1932,Suburban,Poor,Yes,612128.94
1294,4026,1,2,3,1919,Suburban,Fair,Yes,699657.36
1295,1747,3,3,2,1941,Downtown,Fair,Yes,526837.44
1296,4402,2,3,3,1911,Urban,Poor,Yes,782276.66
1297,1935,3,4,1,2000,Suburban,Excellent,Yes,576936.15
1298,1071,1,3,2,1972,Suburban,Good,No,336275.88
1299,2882,1,2,1,1922,Suburban,Fair,Yes,505070.88
1300,1745,5,2,3,1971,Urban,Poor,No,537175.47
1301,2584,1,3,1,1995,Urban,Good,Yes,577998.64
1302,777,3,4,3,2011,Downtown,Poor,No,477390.64
1303,2387,4,3,3,1913,Suburban,Poor,No,520985.6
1304,1765,4,1,2,1990,Rural,Poor,Yes,440713.82
1305,1540,5,1,2,1924,Urban,Excellent,Yes,506447.65
1306,1417,3,1,3,1976,Downtown,Excellent,No,505732.98
1307,1385,3,3,2,2018,Suburban,Poor,No,443272.72
1308,3252,1,3,1,1984,Rural,Fair,Yes,589823.22
1309,521,3,3,2,2008,Urban,Good,Yes,417818.43
1310,3691,2,1,2,1930,Rural,Fair,Yes,620550.47
1311,2853,1,4,1,2000,Urban,Excellent,No,642114.6
1312,1186,2,2,2,2011,Downtown,Good,Yes,502946.49
1313,784,5,3,3,2021,Rural,Poor,Yes,448273.11
1314,4247,4,4,1,2006,Suburban,Fair,Yes,867477.15
1315,1262,5,2,3,1953,Suburban,Fair,Yes,458515.29
1316,2928,4,2,1,1904,Urban,Poor,Yes,561162.46
1317,3007,5,2,3,1912,Suburban,Fair,No,612333.3
1318,528,3,4,3,1927,Rural,Excellent,No,299961.63
1319,1406,2,4,2,1942,Downtown,Poor,Yes,448037.32
1320,3604,4,1,3,1988,Urban,Fair,Yes,781515.43
1321,4499,1,4,2,2014,Rural,Poor,No,779919.75
1322,3494,2,4,1,1998,Urban,Good,Yes,756965.39
1323,3006,1,4,3,1946,Downtown,Poor,No,642722.52
1324,4109,2,2,3,2002,Urban,Fair,Yes,834867.52
1325,4053,2,3,1,1970,Suburban,Excellent,No,752457.12
1326,1953,5,1,1,1937,Suburban,Poor,No,414158.0
1327,3856,4,3,3,1995,Urban,Poor,Yes,824289.97
1328,1015,4,3,1,1966,Downtown,Fair,No,435788.69
1329,538,2,4,2,1961,Downtown,Excellent,Yes,393294.58
1330,3842,3,1,1,2008,Suburban,Excellent,No,762258.93
1331,1386,3,3,1,1938,Downtown,Good,Yes,493941.26
1332,3344,1,3,3,1936,Urban,Good,Yes,692001.43
1333,2704,1,1,2,2018,Rural,Fair,Yes,536118.36
1334,1598,5,4,1,2013,Urban,Excellent,No,613400.89
1335,2323,2,3,2,1985,Suburban,Excellent,Yes,582320.01
1336,3701,1,2,2,1907,Suburban,Good,Yes,623973.71
1337,3655,1,3,2,1980,Suburban,Good,Yes,694548.96
1338,3593,2,2,3,1951,Downtown,Fair,No,730052.95
1339,4030,5,4,1,1990,Urban,Excellent,Yes,900677.35
1340,4278,1,3,3,1932,Rural,Poor,No,684096.24
1341,3396,5,1,1,2009,Urban,Good,No,758588.61
1342,3953,4,1,1,1980,Rural,Fair,No,702535.69
1343,4011,5,3,3,1941,Urban,Excellent,Yes,891484.07
1344,1488,3,4,2,1975,Suburban,Excellent,Yes,520399.69
1345,4616,3,4,2,2011,Rural,Good,No,885823.31
1346,4526,5,1,1,2009,Urban,Fair,Yes,885806.53
1347,4679,3,3,3,1926,Downtown,Poor,Yes,859961.18
1348,2182,4,4,2,2011,Downtown,Good,No,694174.8
1349,4463,2,1,2,1907,Urban,Fair,No,712586.82
1350,1433,3,2,1,1922,Suburban,Excellent,Yes,394318.52
1351,4098,3,3,1,2023,Rural,Poor,No,732488.3
1352,3733,5,2,3,2005,Urban,Fair,Yes,829360.29
1353,2480,4,2,1,2012,Downtown,Poor,No,647921.94
1354,2355,2,4,2,1963,Rural,Fair,Yes,525837.33
1355,3556,5,4,2,2022,Downtown,Fair,Yes,890032.34
1356,1292,5,4,2,1992,Downtown,Fair,No,518494.37
1357,1291,4,3,2,2013,Urban,Fair,Yes,507936.33
1358,2309,2,2,3,1919,Downtown,Poor,Yes,549747.06
1359,2755,4,3,3,1915,Rural,Good,No,551066.33
1360,4110,2,4,1,1916,Suburban,Poor,Yes,698050.4
1361,2107,4,2,1,1979,Urban,Fair,Yes,556380.35
1362,1484,5,3,1,1918,Rural,Poor,Yes,394409.37
1363,4176,5,3,3,2019,Urban,Poor,No,908373.71
1364,3880,1,1,2,2019,Downtown,Poor,No,743503.97
1365,1019,3,3,1,1907,Downtown,Fair,No,378318.57
1366,1090,4,4,2,1937,Rural,Poor,No,339222.06
1367,1550,1,3,1,1937,Rural,Excellent,No,340990.43
1368,4133,3,2,1,1952,Suburban,Fair,Yes,726690.98
1369,4944,4,3,1,1992,Rural,Poor,Yes,870470.77
1370,1459,2,1,1,2004,Rural,Excellent,Yes,391597.96
1371,1192,3,2,1,1999,Urban,Poor,No,393065.81
1372,4399,5,2,2,1989,Downtown,Good,Yes,989245.63
1373,4973,1,1,1,1930,Rural,Poor,No,679511.48
1374,3446,3,4,2,1943,Suburban,Poor,Yes,654076.58
1375,1026,3,2,3,1959,Rural,Good,No,370147.55
1376,3724,5,4,1,1975,Downtown,Fair,Yes,855080.14
1377,2753,4,2,2,2018,Rural,Good,Yes,640653.91
1378,3844,2,2,3,1916,Urban,Fair,No,711318.57
1379,4465,5,4,3,1978,Downtown,Good,Yes,1003165.77
1380,2375,2,2,3,1972,Rural,Poor,Yes,527540.15
1381,2263,4,4,2,1938,Urban,Poor,No,565158.89
1382,1020,3,1,1,1941,Downtown,Fair,Yes,373781.33
1383,1516,2,4,1,1947,Rural,Fair,Yes,403339.62
1384,616,1,1,2,1911,Urban,Excellent,No,237494.28
1385,2933,1,2,1,1995,Suburban,Excellent,No,599521.43
1386,1083,5,4,2,1988,Urban,Poor,No,476079.39
1387,894,4,2,1,2002,Suburban,Poor,No,374146.12
1388,4288,5,4,3,1917,Rural,Excellent,No,857762.67
1389,3268,5,1,1,1978,Urban,Excellent,Yes,752120.06
1390,4667,5,1,2,1995,Suburban,Fair,No,872508.73
1391,4360,1,4,2,1905,Downtown,Good,No,799799.58
1392,773,1,1,3,2021,Urban,Fair,Yes,360824.27
1393,2513,5,2,2,2007,Rural,Excellent,Yes,684790.81
1394,4933,1,2,1,1942,Downtown,Poor,Yes,842738.03
1395,1889,4,3,1,2015,Suburban,Excellent,Yes,575190.18
1396,4066,5,1,3,1934,Urban,Poor,Yes,808550.2
1397,665,1,2,2,1997,Urban,Poor,No,275143.11
1398,2067,2,4,3,2001,Rural,Poor,Yes,501635.79
1399,1228,5,1,1,2019,Downtown,Poor,No,511346.21
1400,2543,5,2,3,1953,Urban,Good,Yes,660036.59
1401,4697,4,1,2,2020,Urban,Excellent,No,934506.34
1402,3996,3,4,3,1961,Downtown,Fair,Yes,879029.79
1403,1278,3,2,2,1968,Urban,Poor,No,416725.56
1404,713,4,3,2,1981,Downtown,Poor,No,427974.3
1405,4262,4,3,1,1915,Downtown,Fair,No,829100.72
1406,2076,4,1,1,1907,Downtown,Fair,No,481428.07
1407,2948,3,4,1,1988,Rural,Poor,No,562712.84
1408,3436,4,2,2,1995,Downtown,Fair,No,806300.0
1409,3617,1,4,3,1989,Downtown,Fair,No,772069.8
1410,1091,5,2,2,2015,Suburban,Good,No,463167.5
1411,3220,5,1,1,1985,Suburban,Fair,No,686622.91
1412,1213,2,2,1,1930,Rural,Excellent,No,309633.45
1413,1435,2,4,3,2006,Downtown,Excellent,Yes,595388.32
1414,4837,5,4,1,1909,Suburban,Excellent,No,920985.04
1415,501,1,1,1,1955,Suburban,Poor,No,161577.23
1416,3348,3,4,1,2020,Urban,Excellent,Yes,808757.6
1417,4544,3,2,3,1975,Downtown,Good,No,920675.2
1418,2449,1,1,2,2016,Suburban,Excellent,No,553398.88
1419,1417,3,2,1,1991,Rural,Poor,Yes,400637.03
1420,3674,4,4,3,1969,Urban,Good,Yes,843937.54
1421,2741,5,1,1,2022,Urban,Excellent,No,710804.44
1422,589,5,2,3,1919,Downtown,Good,Yes,441357.61
1423,2209,1,4,1,1904,Downtown,Good,No,486895.71
1424,2669,3,4,3,1922,Urban,Poor,No,575781.85
1425,4738,2,3,1,1908,Rural,Poor,No,689067.86
1426,3541,2,4,2,1957,Downtown,Good,Yes,748734.65
1427,605,3,2,1,1958,Downtown,Excellent,No,403293.11
1428,1386,2,1,3,1992,Urban,Poor,No,398031.87
1429,927,1,3,1,1979,Urban,Good,Yes,354891.2
1430,2395,1,4,2,1953,Downtown,Fair,No,561497.8
1431,816,3,4,1,1945,Suburban,Fair,No,317791.1
1432,1134,2,4,3,1921,Downtown,Poor,No,415156.06
1433,2425,1,2,3,1963,Suburban,Excellent,No,546457.1
1434,2556,1,3,2,1907,Urban,Fair,No,481433.84
1435,3644,4,2,3,2022,Suburban,Fair,No,782613.17
1436,2770,4,3,1,1919,Rural,Fair,Yes,548038.7
1437,1939,1,1,1,1950,Urban,Excellent,No,429939.63
1438,1052,3,2,1,1977,Downtown,Excellent,No,471770.18
1439,1215,5,2,3,1938,Downtown,Poor,Yes,501114.62
1440,4411,5,1,1,1936,Urban,Poor,No,803453.17
1441,2213,1,3,1,1949,Urban,Fair,No,473333.22
1442,3889,1,4,1,1933,Rural,Excellent,Yes,694472.11
1443,1607,1,1,2,1974,Urban,Good,Yes,434825.32
1444,4706,3,4,3,2017,Downtown,Fair,Yes,994227.52
1445,750,4,4,3,2003,Rural,Poor,Yes,402795.32
1446,2930,1,1,3,1932,Downtown,Excellent,Yes,636529.65
1447,2554,1,3,2,1930,Suburban,Poor,Yes,477690.75
1448,958,2,4,3,2022,Urban,Poor,Yes,459735.46
1449,707,3,1,2,1953,Suburban,Excellent,No,334784.25
1450,1399,1,2,2,1943,Downtown,Fair,No,397489.07
1451,3961,2,2,3,1933,Suburban,Excellent,No,735862.5
1452,3885,5,2,1,2013,Suburban,Fair,Yes,838883.22
1453,521,1,1,1,1970,Downtown,Poor,No,260941.3
1454,909,1,2,3,2021,Downtown,Excellent,Yes,517695.25
1455,1394,2,4,3,2012,Urban,Good,No,517102.64
1456,1014,3,2,2,2017,Suburban,Fair,No,367308.56
1457,4609,1,2,3,1961,Rural,Good,No,776970.12
1458,2634,5,4,2,1922,Rural,Fair,No,574537.38
1459,4095,1,2,3,1945,Downtown,Excellent,Yes,843796.29
1460,3456,5,4,1,1955,Downtown,Good,Yes,830477.72
1461,2060,4,2,1,1906,Suburban,Excellent,No,467723.16
1462,1766,4,4,3,2017,Downtown,Fair,Yes,638115.53
1463,2669,5,2,2,1988,Rural,Fair,Yes,619634.65
1464,4138,3,4,1,1960,Urban,Fair,No,775782.19
1465,1249,1,1,2,1902,Urban,Fair,Yes,297062.15
1466,3927,1,4,3,2022,Suburban,Poor,Yes,790738.68
1467,2427,4,2,3,1937,Urban,Fair,Yes,625458.57
1468,4304,5,2,1,1983,Downtown,Good,Yes,931740.07
1469,4202,1,3,3,1933,Downtown,Fair,No,769621.75
1470,2856,1,4,1,2012,Downtown,Excellent,No,700349.04
1471,2835,3,1,2,1943,Downtown,Poor,Yes,641799.47
1472,806,2,4,1,2007,Suburban,Good,No,348533.26
1473,4165,4,4,1,1929,Urban,Poor,No,772139.74
1474,2489,4,1,2,1916,Rural,Poor,No,459790.32
1475,1161,2,4,1,1958,Urban,Poor,Yes,367956.53
1476,811,1,1,1,1909,Downtown,Excellent,Yes,319854.21
1477,3420,3,1,3,1998,Rural,Poor,No,647585.78
1478,1582,3,4,2,1983,Suburban,Poor,No,458252.99
1479,3471,4,4,1,1917,Downtown,Fair,Yes,734817.62
1480,1254,3,2,2,1944,Downtown,Excellent,No,457658.13
1481,4630,2,2,2,2007,Rural,Good,Yes,845635.72
1482,852,1,3,1,1990,Suburban,Good,No,302767.5
1483,1402,2,3,3,1958,Rural,Good,Yes,431964.46
1484,4388,5,4,2,1961,Suburban,Excellent,Yes,910945.46
1485,658,4,1,1,1958,Downtown,Good,Yes,392710.27
1486,2477,3,3,2,1948,Urban,Excellent,Yes,635798.86
1487,1456,5,4,3,1999,Downtown,Fair,No,583704.51
1488,2571,3,3,3,1962,Urban,Fair,Yes,605217.87
1489,903,1,1,3,1986,Urban,Excellent,No,348505.16
1490,3279,1,4,1,1931,Suburban,Good,Yes,624708.76
1491,1887,1,1,1,1909,Rural,Excellent,Yes,341732.13
1492,3953,3,4,3,1910,Suburban,Excellent,No,802862.99
1493,1455,5,3,1,2001,Downtown,Poor,No,528186.29
1494,2212,1,2,3,1969,Rural,Excellent,No,484028.27
1495,1773,5,3,1,2022,Urban,Poor,Yes,600021.65
1496,4311,3,3,3,2004,Urban,Fair,Yes,925721.39
1497,3125,5,2,2,1961,Downtown,Poor,No,753672.55
1498,2882,3,2,3,1946,Rural,Excellent,Yes,635785.49
1499,1941,3,4,3,1933,Downtown,Fair,No,573990.94
1500,3479,4,4,1,1999,Downtown,Poor,Yes,816857.9
1501,2297,3,1,1,2000,Suburban,Excellent,Yes,576885.42
1502,4890,3,1,1,1916,Downtown,Fair,Yes,853432.21
1503,4509,2,3,1,2003,Rural,Poor,No,748197.02
1504,1894,1,2,1,2003,Downtown,Excellent,Yes,550469.38
1505,4781,4,1,1,1953,Rural,Excellent,No,818277.23
1506,1769,4,3,2,1975,Urban,Good,No,532271.58
1507,4214,4,2,3,1984,Downtown,Good,Yes,940465.81
1508,1029,2,4,3,1939,Rural,Poor,No,319799.58
1509,4123,3,3,3,1918,Urban,Poor,No,760116.1
1510,3458,1,4,2,1966,Rural,Poor,Yes,642702.95
1511,3414,5,1,3,1981,Urban,Excellent,No,776194.66
1512,4091,3,1,2,1952,Suburban,Poor,No,702325.11
1513,2647,2,2,2,2014,Downtown,Excellent,Yes,692557.67
1514,3869,3,3,2,1963,Downtown,Poor,Yes,778271.95
1515,1439,3,4,3,1982,Urban,Excellent,Yes,551229.79
1516,1025,2,2,2,1946,Suburban,Excellent,No,339423.79
1517,501,4,1,3,1905,Rural,Good,No,263931.75
1518,874,4,1,3,1915,Suburban,Fair,Yes,343182.18
1519,2840,1,3,1,1971,Rural,Excellent,No,524337.2
1520,4505,1,4,1,2011,Rural,Poor,Yes,804961.39
1521,3552,4,3,2,1917,Downtown,Good,Yes,796975.51
1522,2865,5,4,2,1951,Urban,Poor,Yes,698681.47
1523,2025,3,4,3,1947,Downtown,Poor,No,563752.74
1524,4976,5,3,2,1942,Downtown,Excellent,No,996888.41
1525,2146,3,2,2,1938,Downtown,Excellent,Yes,589196.9
1526,513,4,3,3,1948,Rural,Fair,Yes,332821.23
1527,2778,1,3,2,2012,Downtown,Excellent,No,716808.79
1528,3655,1,1,2,1911,Rural,Excellent,Yes,624798.65
1529,629,5,1,3,2008,Urban,Fair,No,413237.26
1530,4314,1,3,3,1909,Rural,Poor,Yes,668725.74
1531,3716,4,3,1,1970,Rural,Fair,Yes,714793.29
1532,3438,5,1,3,2009,Suburban,Fair,No,730113.41
1533,4428,3,4,1,1954,Downtown,Fair,No,865687.52
1534,2540,1,3,2,1900,Downtown,Good,No,534585.96
1535,527,2,2,3,1948,Downtown,Poor,No,311319.45
1536,2613,1,2,3,1935,Downtown,Good,No,558869.45
1537,1752,3,2,3,1920,Suburban,Good,Yes,465064.0
1538,4856,5,3,2,1936,Suburban,Excellent,Yes,932289.49
1539,2546,3,4,1,2015,Suburban,Fair,No,583531.25
1540,4523,2,4,2,1923,Suburban,Fair,No,727206.07
1541,4896,4,1,2,1954,Downtown,Good,Yes,956267.28
1542,3874,1,3,3,1924,Rural,Excellent,Yes,718403.77
1543,3966,5,4,1,1906,Urban,Excellent,No,827498.89
1544,3581,4,3,2,2005,Suburban,Excellent,No,784773.56
1545,4278,3,1,3,1980,Rural,Poor,Yes,755706.82
1546,1129,5,1,2,1992,Suburban,Good,No,443201.61
1547,769,4,1,2,1993,Downtown,Poor,Yes,410294.22
1548,3139,5,2,3,1970,Downtown,Excellent,Yes,827196.88
1549,2493,2,3,3,1996,Rural,Excellent,No,593581.2
1550,3391,2,1,1,1970,Rural,Excellent,Yes,643834.0
1551,3932,1,3,2,2021,Rural,Fair,Yes,730157.69
1552,1780,1,2,3,1923,Downtown,Good,Yes,480644.89
1553,2860,2,2,3,1910,Downtown,Fair,No,589230.26
1554,1075,5,1,1,1972,Urban,Poor,Yes,398746.79
1555,1807,2,1,1,1911,Rural,Fair,No,308012.82
1556,3692,1,4,3,1934,Urban,Good,Yes,737670.48
1557,3678,2,3,1,1962,Suburban,Fair,Yes,694243.77
1558,3234,2,1,3,1967,Urban,Excellent,Yes,690272.32
1559,2712,5,4,2,1999,Suburban,Poor,Yes,705650.33
1560,2852,4,3,1,1991,Suburban,Poor,Yes,630193.15
1561,4068,1,1,2,1956,Urban,Excellent,No,735519.49
1562,2155,5,4,2,1912,Rural,Excellent,No,521341.82
1563,2079,2,4,2,1922,Suburban,Excellent,Yes,470306.4
1564,2703,2,3,3,1982,Rural,Good,No,590050.68
1565,1890,4,4,2,2005,Downtown,Fair,No,632852.66
1566,2242,1,3,2,2000,Suburban,Poor,Yes,503840.09
1567,2425,1,3,2,1938,Downtown,Fair,No,542054.86
1568,1119,3,3,3,1987,Urban,Excellent,No,488109.09
1569,1774,1,2,2,1979,Rural,Excellent,No,389881.81
1570,1456,4,4,2,1996,Urban,Fair,No,509344.21
1571,2439,3,3,1,1911,Suburban,Poor,Yes,495483.97
1572,4453,3,1,3,1933,Downtown,Good,No,836375.66
1573,2881,2,2,2,1970,Suburban,Fair,Yes,593533.37
1574,1468,2,2,1,1974,Urban,Excellent,Yes,433691.27
1575,1816,1,4,3,1930,Rural,Excellent,No,431676.45
1576,1543,3,3,3,1992,Rural,Good,Yes,479455.38
1577,781,2,4,3,1961,Suburban,Fair,No,313803.02
1578,3344,4,2,3,1912,Suburban,Good,Yes,699591.09
1579,1558,2,3,3,1930,Downtown,Good,No,470121.13
1580,4793,2,1,3,1901,Urban,Poor,No,763436.21
1581,3032,3,3,2,2002,Suburban,Poor,Yes,665568.54
1582,4328,3,2,2,1914,Downtown,Excellent,No,854069.56
1583,1508,5,1,2,1956,Suburban,Fair,No,422802.67
1584,1729,4,3,2,1974,Rural,Poor,No,443895.2
1585,1535,3,1,1,1933,Downtown,Excellent,No,462282.25
1586,775,1,1,2,2002,Downtown,Fair,Yes,384546.58
1587,3240,4,2,3,1967,Suburban,Excellent,Yes,740746.62
1588,2789,4,1,2,1974,Urban,Poor,Yes,625264.58
1589,1739,3,4,2,1928,Rural,Excellent,No,430456.15
1590,625,4,2,3,1965,Urban,Fair,Yes,392642.16
1591,4565,3,4,2,1915,Downtown,Fair,No,847467.91
1592,4812,2,1,2,1938,Urban,Excellent,No,797539.74
1593,4368,5,4,2,1976,Downtown,Fair,No,949388.4
1594,1708,2,3,1,1936,Urban,Excellent,Yes,479599.02
1595,3749,3,1,2,1980,Suburban,Fair,Yes,685526.01
1596,1418,3,3,3,1920,Urban,Excellent,Yes,463794.04
1597,4423,2,4,3,1943,Downtown,Excellent,Yes,929577.31
1598,4903,1,3,2,2023,Rural,Excellent,No,905552.43
1599,2469,1,1,2,1918,Rural,Good,Yes,434081.91
1600,3293,1,3,2,1970,Rural,Fair,Yes,591769.96
1601,1391,3,4,3,2001,Downtown,Poor,Yes,550586.55
1602,4970,4,4,3,1907,Urban,Excellent,Yes,989623.15
1603,2533,3,4,1,1976,Rural,Good,No,539600.54
1604,1864,4,1,1,2000,Rural,Poor,Yes,441932.12
1605,628,2,4,1,1965,Rural,Excellent,Yes,299498.85
1606,1514,5,1,3,1940,Suburban,Poor,Yes,435120.07
1607,2299,4,3,1,1974,Downtown,Good,No,628910.05
1608,2018,1,4,2,1987,Downtown,Poor,Yes,576610.18
1609,4681,3,3,2,1969,Downtown,Excellent,Yes,972076.19
1610,1698,2,2,3,1960,Downtown,Poor,Yes,497554.7
1611,4373,1,3,1,1925,Downtown,Poor,No,743212.83
1612,2974,2,2,2,1970,Suburban,Excellent,No,592772.14
1613,3985,5,3,3,2020,Urban,Good,Yes,945896.65
1614,4549,3,1,1,2002,Suburban,Good,Yes,838602.44
1615,4219,3,3,2,1982,Rural,Poor,No,746162.8
1616,802,5,1,1,1969,Suburban,Fair,No,385856.61
1617,4452,3,1,3,2006,Downtown,Poor,No,895241.29
1618,1486,4,4,1,1928,Suburban,Fair,No,398703.13
1619,2363,2,1,3,2006,Downtown,Poor,No,587794.64
1620,4940,1,2,1,2002,Suburban,Good,Yes,872826.69
1621,3572,5,4,2,1965,Downtown,Poor,Yes,836159.06
1622,3624,4,4,3,1918,Rural,Poor,Yes,672345.83
1623,1827,1,3,3,1967,Downtown,Fair,Yes,543198.43
1624,2908,1,1,3,1957,Suburban,Good,No,545917.84
1625,4173,5,1,1,1969,Rural,Fair,No,774289.47
1626,3791,4,2,1,2012,Suburban,Poor,No,756430.72
1627,4533,1,3,2,1956,Rural,Excellent,No,759580.17
1628,1203,1,3,3,1936,Urban,Poor,No,364605.25
1629,1074,4,4,3,1960,Urban,Poor,Yes,461237.83
1630,3732,3,4,1,1991,Urban,Fair,Yes,796451.61
1631,3132,1,4,1,1929,Suburban,Excellent,Yes,612130.99
1632,4328,2,2,2,1970,Suburban,Excellent,Yes,799544.65
1633,3730,4,2,2,1972,Rural,Fair,Yes,711646.75
1634,988,1,4,1,1924,Rural,Good,No,267089.41
1635,1847,5,3,3,1996,Rural,Excellent,No,568088.37
1636,4181,2,2,2,1964,Rural,Excellent,No,731675.27
1637,3673,1,3,1,2014,Downtown,Fair,No,737363.16
1638,2167,2,3,1,1905,Urban,Good,No,464163.99
1639,2137,2,1,3,1917,Downtown,Good,Yes,565647.87
1640,4614,3,4,1,1909,Downtown,Poor,Yes,833507.01
1641,4053,2,1,1,1991,Downtown,Poor,Yes,780753.29
1642,1500,3,4,2,1910,Downtown,Fair,No,481783.31
1643,1350,4,4,1,1996,Urban,Good,No,497305.38
1644,1888,3,3,1,1964,Downtown,Fair,No,531425.58
1645,4212,5,4,2,1976,Rural,Poor,No,791624.1
1646,1867,1,3,3,2000,Suburban,Fair,Yes,500734.61
1647,1321,4,3,3,1983,Rural,Fair,No,430222.84
1648,954,4,4,2,1964,Suburban,Excellent,Yes,463005.95
1649,2124,5,3,2,1951,Rural,Excellent,No,566430.79
1650,3272,3,3,3,1966,Rural,Excellent,Yes,740203.45
1651,4226,1,3,3,1981,Suburban,Poor,No,757574.5
1652,3647,3,2,3,2004,Urban,Fair,No,779196.94
1653,4589,2,3,3,1977,Downtown,Excellent,Yes,960385.76
1654,2690,3,2,3,1930,Rural,Excellent,Yes,573002.51
1655,1416,4,2,2,1990,Urban,Excellent,No,516757.26
1656,4486,1,3,1,1916,Downtown,Poor,Yes,769748.98
1657,3375,3,3,3,1954,Urban,Poor,No,696476.91
1658,1940,1,2,3,2009,Urban,Fair,No,526663.96
1659,4900,1,2,1,1992,Downtown,Fair,Yes,881301.86
1660,1235,2,3,1,1935,Rural,Fair,No,305748.18
1661,4068,2,3,1,2000,Urban,Excellent,No,830196.73
1662,3838,4,4,1,1925,Rural,Good,Yes,716268.97
1663,3515,5,2,1,1952,Rural,Poor,No,613522.18
1664,3389,1,2,1,1916,Rural,Excellent,No,537452.67
1665,1461,5,4,2,1985,Downtown,Excellent,No,627484.92
1666,3489,4,2,1,1924,Suburban,Fair,No,636426.98
1667,4348,1,1,1,1901,Rural,Fair,Yes,612750.47
1668,1526,1,2,2,2018,Suburban,Excellent,Yes,458608.38
1669,4365,5,4,1,1985,Suburban,Poor,Yes,878159.3
1670,3363,3,1,3,1904,Urban,Poor,No,625591.0
1671,3001,2,3,3,1903,Rural,Excellent,Yes,580846.02
1672,2447,3,4,1,1935,Rural,Good,Yes,515707.63
1673,1677,5,4,2,1905,Rural,Good,Yes,458233.63
1674,511,2,3,3,2015,Suburban,Poor,No,307693.85
1675,4899,3,4,2,1920,Downtown,Fair,Yes,955700.64
1676,3864,2,2,3,1976,Suburban,Good,Yes,752485.19
1677,3522,1,3,1,2017,Rural,Good,No,668017.38
1678,3871,3,4,2,2000,Rural,Fair,No,772649.74
1679,3330,2,3,2,2018,Rural,Good,No,685674.66
1680,542,2,3,2,1988,Suburban,Excellent,No,324785.7
1681,1443,2,3,3,1925,Rural,Good,No,367745.95
1682,2890,3,1,3,1954,Urban,Fair,No,615537.07
1683,3045,4,4,3,1938,Rural,Excellent,Yes,673094.47
1684,2911,3,1,1,1983,Downtown,Good,Yes,684595.39
1685,1504,5,4,3,1932,Urban,Poor,No,478234.4
1686,520,3,2,1,1913,Rural,Excellent,No,238715.19
1687,906,2,2,2,1955,Urban,Excellent,Yes,376910.74
1688,1514,1,2,2,1999,Rural,Poor,No,350537.39
1689,4931,3,4,1,1980,Downtown,Poor,No,938879.32
1690,2338,3,3,3,1920,Rural,Good,Yes,514656.43
1691,3688,2,3,1,1945,Urban,Good,No,700340.41
1692,1214,1,1,2,1915,Downtown,Fair,No,325796.45
1693,4646,1,1,2,2009,Suburban,Fair,Yes,826749.46
1694,4354,5,2,1,1915,Downtown,Excellent,Yes,870930.3
1695,4919,3,1,3,2019,Downtown,Poor,Yes,985065.69
1696,640,1,4,3,1983,Downtown,Poor,Yes,418583.93
1697,1463,1,4,1,1928,Urban,Fair,Yes,366985.03
1698,872,4,1,1,1991,Downtown,Excellent,No,436693.83
1699,4135,4,1,3,1907,Rural,Excellent,No,743158.62
1700,3041,1,1,2,1987,Downtown,Fair,No,637923.73
1701,4110,5,1,1,1902,Downtown,Fair,No,782959.45
1702,2192,1,2,3,1988,Rural,Fair,No,468097.81
1703,605,2,2,3,1918,Rural,Good,Yes,260970.82
1704,2181,3,1,2,1996,Suburban,Excellent,No,563175.5
1705,4597,5,4,2,1965,Downtown,Excellent,No,1003857.28
1706,4516,2,2,2,1978,Urban,Excellent,No,850261.14
1707,3136,5,4,2,1985,Downtown,Fair,No,800868.61
1708,2637,2,3,2,2023,Downtown,Fair,No,698608.23
1709,3916,3,4,1,1973,Rural,Fair,Yes,729390.49
1710,4945,3,1,3,1981,Suburban,Fair,No,862732.06
1711,4030,4,3,1,1921,Downtown,Poor,No,791006.21
1712,1786,2,2,1,1945,Urban,Fair,No,412474.28
1713,3679,4,2,1,2012,Downtown,Good,No,793079.96
1714,4154,2,3,1,1990,Urban,Poor,No,775331.33
1715,2859,4,4,1,1912,Rural,Poor,No,521040.08
1716,944,3,2,2,1932,Suburban,Fair,Yes,326762.0
1717,535,5,1,2,1904,Downtown,Excellent,No,374729.7
1718,1975,4,3,3,1989,Suburban,Fair,Yes,576307.5
1719,4457,2,1,1,1976,Downtown,Excellent,Yes,880051.78
1720,2298,2,3,3,1926,Urban,Fair,No,512207.7
1721,2345,3,2,2,2020,Suburban,Fair,No,577146.59
1722,1908,2,4,2,1977,Downtown,Excellent,No,580046.8
1723,2208,1,3,2,1923,Rural,Excellent,Yes,465422.16
1724,3438,5,3,1,1966,Urban,Excellent,No,782170.51
1725,1800,4,1,1,2010,Suburban,Excellent,No,500568.42
1726,1743,5,2,2,2014,Downtown,Good,No,637079.73
1727,4476,3,1,3,1962,Suburban,Excellent,Yes,846240.55
1728,3597,4,2,3,2012,Downtown,Fair,Yes,872130.87
1729,509,4,1,2,1993,Urban,Fair,No,351979.31
1730,2925,1,3,3,1998,Rural,Good,Yes,642622.76
1731,2160,3,1,2,1947,Urban,Excellent,No,526348.01
1732,3131,2,4,3,1962,Suburban,Fair,Yes,659190.25
1733,1572,1,2,2,1977,Suburban,Good,No,394968.71
1734,3725,1,2,3,1911,Downtown,Fair,Yes,706202.3
1735,1816,5,3,1,1927,Urban,Good,No,518979.13
1736,4645,5,2,2,1943,Downtown,Good,No,909905.34
1737,4183,5,4,2,1992,Urban,Poor,Yes,882384.76
1738,3773,1,1,3,1942,Suburban,Poor,Yes,628872.96
1739,645,2,3,2,1916,Downtown,Excellent,Yes,384104.61
1740,3540,4,4,2,1939,Downtown,Poor,Yes,807559.2
1741,1962,5,2,2,1948,Urban,Good,Yes,568293.26
1742,2084,2,2,1,1984,Rural,Fair,No,425587.67
1743,982,3,4,1,1956,Urban,Fair,No,375710.78
1744,3679,5,1,3,1986,Rural,Excellent,Yes,809698.17
1745,1749,4,1,1,1983,Urban,Poor,No,449759.7
1746,1130,3,3,3,1963,Suburban,Excellent,No,433775.53
1747,1161,3,2,1,1974,Downtown,Good,Yes,473757.96
1748,4003,4,4,3,1956,Urban,Poor,No,824906.41
1749,3352,5,1,1,2020,Suburban,Excellent,No,753203.72
1750,2966,1,3,1,1997,Urban,Fair,Yes,639495.69
1751,1487,4,2,3,1973,Downtown,Fair,Yes,510061.52
1752,2046,4,2,2,1973,Urban,Excellent,No,588448.13
1753,1149,4,3,2,2006,Rural,Excellent,Yes,456558.86
1754,1468,3,3,1,2023,Downtown,Excellent,No,530680.51
1755,3137,2,1,3,1969,Rural,Good,Yes,619178.04
1756,1600,1,4,2,1999,Suburban,Good,Yes,489304.88
1757,940,5,2,3,1987,Suburban,Fair,Yes,445038.27
1758,1269,5,4,2,1975,Urban,Good,Yes,548363.12
1759,1843,2,2,3,1942,Rural,Good,No,438174.17
1760,4858,4,2,1,2018,Rural,Poor,Yes,894063.72
1761,4229,1,4,3,1922,Downtown,Good,Yes,855769.47
1762,4406,5,3,2,1926,Rural,Poor,No,783911.91
1763,2077,5,1,1,1957,Rural,Good,No,479041.5
1764,4508,4,2,3,2020,Downtown,Fair,No,941610.51
1765,3851,2,3,2,2008,Downtown,Excellent,No,845739.06
1766,2849,1,2,1,1936,Rural,Fair,Yes,466721.3
1767,4102,2,1,3,1905,Urban,Good,No,751924.14
1768,1741,2,2,2,1964,Downtown,Excellent,Yes,537891.71
1769,1625,1,1,3,1905,Downtown,Excellent,No,434198.07
1770,3101,1,1,3,1949,Rural,Excellent,Yes,592102.28
1771,1690,5,2,1,1921,Rural,Poor,No,380854.04
1772,4631,5,2,1,2004,Downtown,Fair,Yes,997655.77
1773,4948,1,1,2,1987,Rural,Poor,Yes,778800.26
1774,572,3,3,1,1924,Downtown,Excellent,No,355479.11
1775,2414,5,4,2,1978,Urban,Fair,Yes,659482.94
1776,2972,3,1,3,1989,Urban,Fair,Yes,658259.66
1777,3546,1,2,3,1971,Downtown,Good,Yes,747303.46
1778,1207,5,2,2,1950,Downtown,Poor,Yes,482954.45
1779,2304,2,3,3,1987,Suburban,Poor,No,522980.47
1780,4213,1,4,1,1947,Suburban,Good,Yes,731203.69
1781,3064,4,1,3,2001,Rural,Poor,Yes,629725.24
1782,2975,3,1,1,1969,Rural,Excellent,No,574203.42
1783,4110,1,4,2,2017,Downtown,Excellent,No,858629.19
1784,4755,1,1,2,1998,Downtown,Poor,No,864350.84
1785,3323,5,4,3,2005,Suburban,Good,Yes,819326.6
1786,2235,5,2,3,1964,Suburban,Fair,Yes,572886.73
1787,2085,5,4,1,1959,Downtown,Poor,No,591111.86
1788,566,4,1,1,1945,Urban,Fair,Yes,299397.65
1789,3561,5,4,3,1935,Urban,Good,No,800817.62
1790,2928,1,3,3,1957,Rural,Fair,Yes,583646.76
1791,4653,5,2,2,1975,Downtown,Good,No,935862.41
1792,841,2,2,2,1937,Downtown,Good,Yes,380955.39
1793,3274,5,4,2,1910,Rural,Excellent,No,673818.01
1794,3317,4,1,3,1911,Suburban,Excellent,Yes,692780.1
1795,3161,2,3,3,1941,Suburban,Good,No,632627.95
1796,1732,1,2,3,2013,Urban,Poor,Yes,477180.46
1797,4374,1,2,2,1938,Downtown,Excellent,Yes,829634.19
1798,2901,3,1,3,1970,Suburban,Good,Yes,624789.61
1799,1994,2,1,1,1910,Urban,Fair,No,410960.11
1800,4711,3,3,3,1935,Urban,Fair,Yes,885849.67
1801,1161,2,4,3,1951,Urban,Poor,Yes,441947.86
1802,4383,2,1,3,1930,Suburban,Fair,Yes,752480.09
1803,4119,4,4,3,1932,Suburban,Fair,No,785243.9
1804,2368,3,3,3,1912,Downtown,Good,Yes,592534.28
1805,2834,4,4,1,1917,Downtown,Fair,No,618272.9
1806,3874,2,2,1,1940,Urban,Fair,Yes,677457.96
1807,1516,1,4,3,1957,Urban,Fair,No,438986.9
1808,4906,2,3,2,1955,Suburban,Fair,No,841510.88
1809,707,4,3,3,1923,Suburban,Good,Yes,340492.14
1810,3165,3,3,3,1972,Downtown,Fair,No,751275.57
1811,2993,3,4,3,1930,Downtown,Poor,No,670444.08
1812,1132,4,2,2,1954,Rural,Excellent,Yes,404561.9
1813,2602,3,1,2,2004,Downtown,Poor,No,652643.31
1814,3459,5,2,2,1909,Suburban,Excellent,No,712822.59
1815,3583,1,4,1,1959,Urban,Poor,No,646462.04
1816,2431,1,4,2,1901,Rural,Excellent,No,445162.12
1817,4219,1,1,1,2001,Downtown,Excellent,Yes,803692.77
1818,3062,3,4,1,1914,Downtown,Excellent,No,671472.7
1819,2179,3,3,2,1902,Suburban,Excellent,No,488503.05
1820,736,2,3,2,1942,Rural,Good,Yes,270272.31
1821,4943,2,3,2,1930,Downtown,Poor,Yes,889221.15
1822,2040,1,3,1,1969,Urban,Excellent,No,495052.78
1823,4443,5,3,3,1966,Suburban,Poor,Yes,880217.16
1824,863,2,4,2,1955,Rural,Fair,Yes,303539.96
1825,2868,2,1,2,1962,Downtown,Excellent,Yes,672769.82
1826,785,3,1,2,1974,Downtown,Poor,Yes,391879.11
1827,648,5,3,1,1914,Rural,Good,Yes,287084.01
1828,4537,1,4,1,2008,Suburban,Poor,Yes,829773.99
1829,2266,2,2,3,2015,Rural,Excellent,Yes,573201.18
1830,1512,5,2,2,1991,Rural,Fair,Yes,475342.74
1831,3331,5,4,1,1909,Suburban,Poor,Yes,673353.22
1832,3007,1,3,3,1937,Downtown,Fair,No,639308.24
1833,2023,5,1,2,1946,Urban,Good,No,555287.05
1834,3285,5,4,1,1956,Suburban,Poor,No,683356.86
1835,3056,5,2,2,1949,Urban,Poor,No,653793.44
1836,4225,2,2,2,2013,Downtown,Good,No,872972.55
1837,2101,1,2,1,1970,Rural,Good,Yes,410574.11
1838,2908,5,3,1,1914,Urban,Good,Yes,658868.4
1839,840,5,2,1,1917,Downtown,Excellent,No,415601.55
1840,3317,2,4,2,1981,Downtown,Excellent,No,767588.25
1841,2996,1,4,2,2015,Rural,Poor,Yes,602651.94
1842,2225,3,2,3,2004,Rural,Poor,No,486222.26
1843,2189,2,4,2,1987,Downtown,Poor,Yes,591239.13
1844,3767,1,2,1,1901,Downtown,Fair,No,648602.67
1845,4906,5,2,2,2003,Urban,Good,Yes,1004477.85
1846,761,1,1,3,1983,Downtown,Poor,No,324814.87
1847,1942,1,3,3,1997,Downtown,Good,Yes,605345.62
1848,905,1,3,1,1942,Urban,Excellent,No,309057.38
1849,2690,3,1,1,1925,Suburban,Good,No,523341.86
1850,4937,1,1,3,1970,Urban,Fair,Yes,872817.92
1851,743,3,3,3,1937,Urban,Fair,Yes,361796.59
1852,4607,5,2,3,1993,Rural,Good,No,920839.66
1853,1060,3,2,1,1941,Urban,Fair,No,323395.45
1854,4637,5,3,3,1904,Downtown,Fair,Yes,951797.31
1855,3225,5,2,3,1910,Downtown,Excellent,Yes,794858.73
1856,1093,3,1,1,1964,Downtown,Poor,Yes,386230.7
1857,2326,2,2,2,1933,Suburban,Fair,No,484566.98
1858,3729,4,2,2,2019,Downtown,Poor,No,824719.3
1859,3787,1,4,3,1900,Suburban,Good,Yes,688240.4
1860,4573,4,4,2,1982,Downtown,Good,No,968794.83
1861,633,1,4,2,1901,Urban,Fair,No,247775.37
1862,3638,1,2,2,1984,Rural,Good,Yes,672302.12
1863,4419,5,3,2,1919,Downtown,Excellent,No,930072.33
1864,572,1,1,3,1960,Suburban,Fair,Yes,233732.02
1865,4994,1,2,2,1986,Suburban,Fair,Yes,872785.1
1866,4725,3,3,2,1920,Rural,Fair,No,748912.62
1867,3478,4,2,1,1987,Downtown,Good,No,792528.19
1868,4861,3,1,3,1967,Urban,Good,Yes,935730.58
1869,2485,1,2,1,1911,Downtown,Fair,Yes,493185.5
1870,1292,5,1,1,1921,Downtown,Poor,Yes,427297.79
1871,4759,3,2,3,1919,Rural,Good,No,780784.43
1872,594,3,1,2,1981,Downtown,Good,Yes,393496.18
1873,1633,2,2,1,1900,Urban,Fair,Yes,369269.49
1874,737,1,1,3,1929,Suburban,Poor,Yes,250204.91
1875,3446,5,4,2,1996,Rural,Fair,Yes,780634.63
1876,3030,3,2,3,1923,Urban,Good,No,657135.26
1877,2460,3,2,1,1913,Suburban,Fair,No,459667.48
1878,1548,5,3,2,1935,Rural,Fair,Yes,441201.67
1879,3029,1,3,2,1968,Rural,Fair,No,521318.43
1880,3464,2,1,3,1974,Suburban,Poor,No,626431.95
1881,1463,3,2,2,1923,Suburban,Fair,No,381962.77
1882,1036,2,1,1,1959,Urban,Good,Yes,373613.74
1883,4723,4,4,1,1994,Downtown,Fair,No,941674.77
1884,4179,1,3,1,1954,Downtown,Poor,No,739583.04
1885,4687,4,1,3,1976,Downtown,Excellent,Yes,988913.91
1886,4224,4,1,2,1979,Downtown,Poor,Yes,866022.42
1887,1042,4,3,2,1923,Downtown,Fair,No,410615.95
1888,1345,1,2,2,1976,Urban,Excellent,No,421210.92
1889,4103,1,1,1,1923,Rural,Fair,Yes,608582.41
1890,3536,5,3,2,1953,Urban,Poor,Yes,763763.22
1891,2994,2,2,1,1925,Urban,Excellent,Yes,616514.26
1892,4985,2,4,2,1965,Urban,Excellent,Yes,953246.33
1893,3219,5,3,1,1979,Rural,Fair,No,654624.21
1894,2384,5,1,2,1937,Urban,Fair,Yes,583175.85
1895,4638,4,4,3,2009,Urban,Poor,No,946314.56
1896,4849,5,2,3,1964,Rural,Fair,No,879019.83
1897,3701,3,2,1,2012,Urban,Excellent,No,779648.06
1898,3210,2,3,1,1974,Downtown,Good,Yes,739479.71
1899,2453,5,3,2,1950,Suburban,Good,Yes,628903.79
1900,4350,3,3,2,1934,Urban,Poor,No,778267.8
1901,1189,3,2,3,1942,Suburban,Fair,No,379424.32
1902,2450,3,4,2,1928,Urban,Poor,No,540292.71
1903,956,3,2,1,1936,Urban,Good,No,355876.87
1904,2630,4,1,1,1980,Downtown,Good,No,651044.63
1905,4476,3,2,1,1957,Rural,Fair,Yes,758170.47
1906,4744,4,1,1,1953,Suburban,Excellent,Yes,872735.75
1907,1679,4,4,1,1938,Rural,Fair,Yes,410506.86
1908,4785,3,3,3,1941,Downtown,Good,No,918648.49
1909,4065,2,3,3,1927,Downtown,Excellent,No,806441.12
1910,1382,3,2,1,1928,Suburban,Poor,Yes,348604.15
1911,899,3,3,2,1942,Rural,Good,Yes,357257.72
1912,1108,3,4,1,1902,Downtown,Poor,No,400909.5
1913,2138,2,3,3,2015,Urban,Excellent,Yes,642610.77
1914,2648,1,2,1,1909,Urban,Poor,Yes,481452.67
1915,1882,1,4,3,1958,Urban,Good,Yes,491444.13
1916,1903,4,1,3,2005,Rural,Fair,No,490349.89
1917,1319,4,2,1,1913,Urban,Poor,No,347953.24
1918,3792,2,1,1,1975,Urban,Good,Yes,712747.29
1919,1319,5,4,2,1946,Downtown,Good,No,531947.84
1920,919,1,2,3,1941,Downtown,Excellent,Yes,400888.64
1921,4719,4,2,2,1993,Urban,Good,Yes,914080.5
1922,3802,1,4,1,1931,Urban,Fair,No,679978.65
1923,2008,2,3,3,1931,Downtown,Fair,No,509448.85
1924,1267,2,2,2,1941,Suburban,Poor,No,321798.7
1925,2544,5,2,2,1931,Rural,Poor,Yes,571331.24
1926,2639,5,1,2,1925,Rural,Poor,Yes,518379.23
1927,3529,2,3,1,2014,Downtown,Poor,Yes,725015.69
1928,2049,4,1,1,1900,Rural,Fair,No,378679.94
1929,2264,1,1,1,1955,Downtown,Excellent,Yes,556934.39
1930,3145,3,3,3,2021,Downtown,Poor,Yes,813725.21
1931,4216,5,3,1,2005,Downtown,Excellent,Yes,950736.76
1932,4981,3,4,3,1901,Downtown,Good,Yes,967480.49
1933,2793,4,3,2,1980,Suburban,Good,No,639710.34
1934,3208,5,2,2,1929,Urban,Poor,No,663150.77
1935,1400,3,3,1,2019,Urban,Good,No,525365.15
1936,3584,4,4,2,2002,Suburban,Excellent,Yes,801775.45
1937,2509,1,4,1,1970,Rural,Excellent,Yes,534576.09
1938,741,4,4,3,1951,Rural,Good,Yes,385845.4
1939,2885,5,3,2,1990,Urban,Poor,No,708936.79
1940,4768,2,3,1,1908,Rural,Excellent,No,760109.75
1941,1171,1,1,2,1921,Urban,Excellent,No,332350.76
1942,663,3,1,2,1933,Urban,Fair,No,281615.27
1943,964,5,2,1,2009,Suburban,Poor,No,399056.9
1944,3542,2,1,2,1948,Rural,Fair,Yes,605112.12
1945,2942,4,2,2,1900,Suburban,Good,No,588383.58
1946,2855,2,4,2,1972,Urban,Good,No,637005.84
1947,4778,5,1,2,1983,Urban,Fair,No,923096.51
1948,3057,5,3,3,1952,Urban,Poor,Yes,720371.06
1949,1045,2,1,2,1982,Downtown,Excellent,No,448140.75
1950,4335,4,2,2,1999,Downtown,Good,No,918479.09
1951,1093,2,1,1,2023,Downtown,Poor,No,377794.51
1952,4304,5,4,3,1939,Suburban,Poor,Yes,875148.82
1953,1959,5,3,1,1944,Urban,Good,Yes,547284.02
1954,3993,3,2,1,1967,Rural,Good,No,691183.5
1955,3101,3,3,1,1908,Suburban,Poor,No,537995.08
1956,2944,1,3,3,2004,Suburban,Excellent,No,673536.57
1957,3172,5,2,1,1921,Suburban,Fair,No,585824.89
1958,4700,3,3,1,1917,Rural,Good,Yes,829966.23
1959,516,2,3,1,1975,Urban,Fair,No,307020.85
1960,3691,4,1,2,2005,Downtown,Poor,Yes,819278.58
1961,892,2,3,1,1942,Urban,Fair,No,309536.59
1962,924,4,3,3,1938,Urban,Excellent,Yes,460203.31
1963,1071,3,3,3,1972,Suburban,Poor,Yes,408446.84
1964,4131,1,3,2,1905,Suburban,Excellent,No,707808.23
1965,1620,2,2,3,1982,Suburban,Poor,Yes,449334.07
1966,741,2,4,3,1947,Downtown,Excellent,No,426573.71
1967,4397,2,1,2,2010,Downtown,Poor,Yes,859249.92
1968,4595,4,3,1,1906,Downtown,Excellent,Yes,902080.9
1969,2779,3,3,2,1979,Urban,Poor,No,616046.38
1970,1288,2,2,1,1968,Suburban,Excellent,No,392246.55
1971,1214,2,4,1,1915,Rural,Poor,Yes,296823.35
1972,3349,1,3,3,1900,Urban,Excellent,Yes,617864.17
1973,1275,1,2,2,2014,Downtown,Good,No,469788.51
1974,4526,3,1,3,1936,Rural,Fair,No,755301.04
1975,2747,3,1,3,2002,Rural,Poor,No,565229.37
1976,578,5,3,1,1982,Suburban,Excellent,Yes,399712.22
1977,4426,1,3,3,2017,Rural,Good,No,824141.69
1978,1355,5,4,2,1936,Downtown,Poor,No,514362.9
1979,2648,4,4,3,1980,Suburban,Poor,Yes,641246.83
1980,1531,5,3,3,1963,Rural,Poor,No,458435.78
1981,3771,2,2,1,1989,Suburban,Fair,No,667355.15
1982,4076,5,4,2,1985,Rural,Excellent,No,827285.73
1983,4682,3,3,3,1961,Urban,Excellent,No,910759.24
1984,3956,4,4,1,1971,Urban,Poor,Yes,817715.9
1985,4006,2,3,3,1960,Downtown,Poor,No,810676.88
1986,907,5,1,2,1932,Urban,Poor,No,361006.28
1987,3211,4,3,3,1965,Urban,Good,No,748406.44
1988,3588,4,1,3,1929,Urban,Poor,No,701882.67
1989,2168,2,4,1,2010,Rural,Fair,No,482817.78
1990,647,5,3,3,1919,Rural,Excellent,No,354288.84
1991,4827,4,4,1,1959,Suburban,Fair,Yes,904216.14
1992,4397,4,1,2,1981,Rural,Poor,Yes,797424.37
1993,2450,1,3,3,2006,Urban,Good,Yes,638333.7
1994,865,4,4,2,2020,Rural,Poor,No,397674.56
1995,2174,1,1,2,1973,Downtown,Poor,No,500191.72
1996,4994,5,4,3,1923,Suburban,Poor,No,927572.25
1997,3046,5,2,1,2019,Suburban,Poor,Yes,694282.18
1998,1062,5,1,2,1903,Rural,Poor,No,274131.88
1999,4062,3,1,2,1936,Urban,Excellent,Yes,784614.0
2000,2989,5,1,3,1903,Suburban,Fair,No,591696.46
